
  EPA STORM WATER MANAGEMENT MODEL - VERSION 5.2 (Build 5.2.4)
  ------------------------------------------------------------

  Scenario Run :  ORIGINAL_SYS 
  WARNING 04: minimum elevation drop used for Conduit FM-824_22
  WARNING 04: minimum elevation drop used for Conduit FM-LS221
  WARNING 04: minimum elevation drop used for Conduit FM-LS222
  WARNING 04: minimum elevation drop used for Conduit FM-LS251
  WARNING 04: minimum elevation drop used for Conduit GM-824_78
  WARNING 04: minimum elevation drop used for Conduit GM-919_117
  WARNING 04: minimum elevation drop used for Conduit GM-929_161
  WARNING 04: minimum elevation drop used for Conduit GM-929_209
  WARNING 04: minimum elevation drop used for Conduit GM-929_211
  WARNING 04: minimum elevation drop used for Conduit GM-929_221
  WARNING 04: minimum elevation drop used for Conduit GM-929_223
  WARNING 04: minimum elevation drop used for Conduit GM-929_3
  WARNING 04: minimum elevation drop used for Conduit GM-929_44
  WARNING 04: minimum elevation drop used for Conduit GM-930_168
  WARNING 04: minimum elevation drop used for Conduit PX-9609
  WARNING 02: maximum depth increased for Node J-220-OUT
  WARNING 02: maximum depth increased for Node J-221-OUT
  WARNING 02: maximum depth increased for Node J-225-OUT
  WARNING 02: maximum depth increased for Node J-226-OUT
  WARNING 02: maximum depth increased for Node J-230-OUT
  WARNING 02: maximum depth increased for Node JN_919_22
  WARNING 02: maximum depth increased for Node JN_919_9
  WARNING 02: maximum depth increased for Node JN_920_1
  WARNING 02: maximum depth increased for Node JN_920_12
  WARNING 02: maximum depth increased for Node JN_929_19
  WARNING 02: maximum depth increased for Node JN_930_16
  WARNING 02: maximum depth increased for Node JN_930_19
  WARNING 02: maximum depth increased for Node JN_930_24
  WARNING 02: maximum depth increased for Node JN_930_28
  WARNING 02: maximum depth increased for Node JN_930_38
  
  ****************
  Analysis Options
  ****************
  Flow Units ............... GPM
  Process Models:
    Rainfall/Runoff ........ YES
    RDII ................... NO
    Snowmelt ............... NO
    Groundwater ............ NO
    Flow Routing ........... YES
    Ponding Allowed ........ NO
    Water Quality .......... NO
  Flow Routing Method ...... DYNWAVE
  Surcharge Method ......... EXTRAN
  Starting Date ............ 01/01/2002 00:00:00
  Ending Date .............. 01/01/2002 00:15:00
  Antecedent Dry Days ...... 5.0
  Report Time Step ......... 00:14:59
  Routing Time Step ........ 10.00 sec
  Variable Time Step ....... YES
  Maximum Trials ........... 8
  Number of Threads ........ 1
  Head Tolerance ........... 0.001000 ft
  
  
  **************************        Volume        Volume
  Flow Routing Continuity        acre-feet      10^6 gal
  **************************     ---------     ---------
  Dry Weather Inflow .......         0.002         0.001
  Wet Weather Inflow .......         0.000         0.000
  Groundwater Inflow .......         0.000         0.000
  RDII Inflow ..............         0.000         0.000
  External Inflow ..........         0.000         0.000
  External Outflow .........         0.009         0.003
  Flooding Loss ............         0.003         0.001
  Evaporation Loss .........         0.000         0.000
  Exfiltration Loss ........         0.000         0.000
  Initial Stored Volume ....         0.116         0.038
  Final Stored Volume ......         0.115         0.037
  Continuity Error (%) .....        -8.131
  
  
  *************************
  Highest Continuity Errors
  *************************
  Node MH_919_57 (-6980.20%)
  Node MH_930_46 (-6949.45%)
  Node MH_929_204 (-5132.23%)
  Node MH_919_190 (-3168.27%)
  Node MH_824_153 (-2610.35%)
  
  
  ***************************
  Time-Step Critical Elements
  ***************************
  Link FM-LS258 (21.51%)
  Link FM-LS232 (18.02%)
  Node J-232-OUT (12.79%)
  Link GM-825_3 (9.88%)
  Node J-147-OUT (5.23%)
  
  
  ********************************
  Highest Flow Instability Indexes
  ********************************
  Link GM-920_54 (51)
  Link FM-LS232 (47)
  Link GM-824_153 (44)
  Link FM-LS226 (34)
  Link FM-929_43 (23)
  
  
  *********************************
  Most Frequent Nonconverging Nodes
  *********************************
  Node WW-147 (94.19%)
  Node WW-232 (90.12%)
  Node WW-231 (87.21%)
  Node J-232-OUT (78.49%)
  Node J-1002-OUT (65.70%)
  
  
  *************************
  Routing Time Step Summary
  *************************
  Minimum Time Step           :     0.03 sec
  Average Time Step           :     5.23 sec
  Maximum Time Step           :    10.00 sec
  % of Time in Steady State   :     0.00
  Average Iterations per Step :     7.97
  % of Steps Not Converging   :    99.42
  Time Step Frequencies       :
     10.000 -  1.585 sec      :    78.36 %
      1.585 -  0.251 sec      :    14.04 %
      0.251 -  0.040 sec      :     7.02 %
      0.040 -  0.006 sec      :     0.58 %
      0.006 -  0.001 sec      :     0.00 %
  
  
  ******************
  Node Depth Summary
  ******************
  
  ---------------------------------------------------------------------------------
                                 Average  Maximum  Maximum  Time of Max    Reported
                                   Depth    Depth      HGL   Occurrence   Max Depth
  Node                 Type         Feet     Feet     Feet  days hr:min        Feet
  ---------------------------------------------------------------------------------
  J-1002-OUT           JUNCTION     9.21    83.65    91.15     0  00:02       15.01
  J-1003-OUT           JUNCTION    56.09   221.36   232.96     0  00:01       78.62
  J-147-OUT            JUNCTION    10.98   547.70   557.30     0  00:00        4.41
  J-220-OUT            JUNCTION     0.00     0.00     6.00     0  00:02        0.00
  J-221-OUT            JUNCTION     0.00     0.00     8.00     0  00:14        0.00
  J-222-OUT            JUNCTION     0.00     0.00     5.00     0  00:01        0.00
  J-223-OUT            JUNCTION     0.00     0.00    10.00     0  00:01        0.00
  J-224-OUT            JUNCTION     0.84     8.89    19.89     0  00:00        0.04
  J-225-OUT            JUNCTION     0.00     0.00     5.20     0  00:01        0.00
  J-226-OUT            JUNCTION    10.75   455.05   460.05     0  00:00        5.20
  J-227-OUT            JUNCTION     0.00     0.00     8.30     0  00:14        0.00
  J-228-OUT            JUNCTION     0.00     0.00    19.60     0  00:09        0.00
  J-229-OUT            JUNCTION    20.22    63.39    68.39     0  00:00        0.00
  J-230-OUT            JUNCTION     0.00     0.01     4.51     0  00:14        0.01
  J-231-OUT            JUNCTION     0.00     0.00     4.50     0  00:14        0.00
  J-232-OUT            JUNCTION    26.11   935.01   942.01     0  00:02        8.05
  J-242-OUT            JUNCTION     0.00     0.00    12.30     0  00:03        0.00
  J-243-OUT            JUNCTION     0.00     0.00    17.70     0  00:01        0.00
  J-246-OUT            JUNCTION    10.17    40.34    58.24     0  00:00        3.27
  J-247-OUT            JUNCTION     0.00     0.00     7.00     0  00:02        0.00
  J-250-OUT            JUNCTION     4.78   126.40   137.90     0  00:00        2.51
  J-251-OUT            JUNCTION     0.00     0.00     8.50     0  00:14        0.00
  J-258-OUT            JUNCTION     0.06     0.11     8.51     0  00:00        0.00
  JN_824_1             JUNCTION    16.23   638.31   647.31     0  00:00        5.01
  JN_824_10            JUNCTION     0.09     0.13    14.03     0  00:02        0.11
  JN_824_2             JUNCTION     0.00     0.00     8.50     0  00:06        0.00
  JN_824_20            JUNCTION     0.00     0.00     9.20     0  00:14        0.00
  JN_824_21            JUNCTION     9.34    59.58    73.38     0  00:00        7.36
  JN_824_22            JUNCTION     2.60     6.70    21.70     0  00:06        6.02
  JN_824_25            JUNCTION     0.04     0.12    15.12     0  00:12        0.11
  JN_824_26            JUNCTION     0.00     0.00    15.50     0  00:06        0.00
  JN_824_8             JUNCTION     4.98   178.28   187.78     0  00:00        4.51
  JN_825_10            JUNCTION     0.02     0.14     5.14     0  00:14        0.14
  JN_825_6             JUNCTION    55.34   162.35   173.05     0  00:01       79.22
  JN_825_7             JUNCTION     7.06    87.19    97.19     0  00:02       12.43
  JN_919_22            JUNCTION     0.02     0.04    11.04     0  00:08        0.04
  JN_919_26            JUNCTION     0.42     6.23    16.83     0  00:01        0.46
  JN_919_3             JUNCTION     0.00     0.00     5.00     0  00:01        0.00
  JN_919_9             JUNCTION     0.00     0.00     8.00     0  00:14        0.00
  JN_920_1             JUNCTION     0.00     0.00     6.00     0  00:09        0.00
  JN_920_12            JUNCTION     0.00     0.01     9.31     0  00:14        0.01
  JN_920_23            JUNCTION     0.00     0.00     5.00     0  00:00        0.00
  JN_929_19            JUNCTION     0.04     0.07    15.07     0  00:03        0.06
  JN_929_40            JUNCTION     0.00     0.00    18.50     0  00:02        0.00
  JN_929_43            JUNCTION    91.41  1000.50  1009.10     0  00:01        6.45
  JN_929_5             JUNCTION     0.00     0.00    15.00     0  00:02        0.00
  JN_930_16            JUNCTION     0.00     0.00     5.30     0  00:14        0.00
  JN_930_19            JUNCTION     0.00     0.00    10.00     0  00:01        0.00
  JN_930_24            JUNCTION     0.19     0.32     6.92     0  00:14        0.32
  JN_930_28            JUNCTION     0.00     0.00     8.90     0  00:08        0.00
  JN_930_38            JUNCTION     0.20     0.45    10.65     0  00:00        0.00
  JX-6929              JUNCTION     0.00     0.00     5.00     0  00:14        0.00
  MH_813_1             JUNCTION     0.00     0.00    -1.50     0  00:10        0.00
  MH_813_2             JUNCTION     0.00     0.01    -1.99     0  00:14        0.01
  MH_813_3             JUNCTION     0.00     0.00    -2.50     0  00:14        0.00
  MH_824_1             JUNCTION     0.00     0.01     1.91     0  00:14        0.01
  MH_824_10            JUNCTION     0.00     0.00    -3.90     0  00:14        0.00
  MH_824_100           JUNCTION     0.00     0.00    13.20     0  00:14        0.00
  MH_824_101           JUNCTION     0.00     0.00    11.20     0  00:02        0.00
  MH_824_102           JUNCTION     0.00     0.00     9.20     0  00:14        0.00
  MH_824_103           JUNCTION     0.00     0.00    17.20     0  00:06        0.00
  MH_824_104           JUNCTION     0.00     0.00     8.60     0  00:14        0.00
  MH_824_105           JUNCTION     0.00     0.00     6.80     0  00:01        0.00
  MH_824_106           JUNCTION     0.00     0.00     5.50     0  00:14        0.00
  MH_824_107           JUNCTION     0.00     0.00     5.30     0  00:14        0.00
  MH_824_108           JUNCTION     0.00     0.00     3.40     0  00:14        0.00
  MH_824_109           JUNCTION     0.00     0.00    14.10     0  00:02        0.00
  MH_824_11            JUNCTION     0.00     0.01     2.61     0  00:14        0.01
  MH_824_110           JUNCTION     0.00     0.00     9.10     0  00:14        0.00
  MH_824_111           JUNCTION     0.00     0.00    14.40     0  00:14        0.00
  MH_824_112           JUNCTION     0.00     0.00    10.60     0  00:14        0.00
  MH_824_113           JUNCTION     0.00     0.00    14.40     0  00:07        0.00
  MH_824_114           JUNCTION     0.00     0.01    12.61     0  00:14        0.01
  MH_824_115           JUNCTION     0.00     0.00    13.10     0  00:01        0.00
  MH_824_116           JUNCTION     0.00     0.00    10.80     0  00:14        0.00
  MH_824_117           JUNCTION     0.00     0.00    14.80     0  00:14        0.00
  MH_824_118           JUNCTION     0.00     0.01    16.31     0  00:14        0.01
  MH_824_119           JUNCTION     0.00     0.01     4.11     0  00:14        0.01
  MH_824_12            JUNCTION     0.00     0.01     1.81     0  00:14        0.01
  MH_824_120           JUNCTION     0.00     0.00    11.10     0  00:02        0.00
  MH_824_121           JUNCTION     0.00     0.00     2.80     0  00:14        0.00
  MH_824_122           JUNCTION     0.00     0.00    -0.30     0  00:14        0.00
  MH_824_123           JUNCTION     0.00     0.00    -0.90     0  00:14        0.00
  MH_824_124           JUNCTION     0.00     0.00     8.70     0  00:12        0.00
  MH_824_125           JUNCTION     0.00     0.00     1.20     0  00:14        0.00
  MH_824_126           JUNCTION     0.00     0.01     2.01     0  00:14        0.01
  MH_824_127           JUNCTION     0.00     0.00    10.90     0  00:14        0.00
  MH_824_128           JUNCTION     0.00     0.01     9.31     0  00:14        0.01
  MH_824_129           JUNCTION     0.00     0.00    11.20     0  00:14        0.00
  MH_824_13            JUNCTION     0.00     0.00    -5.90     0  00:05        0.00
  MH_824_130           JUNCTION     0.00     0.00     9.70     0  00:02        0.00
  MH_824_131           JUNCTION     0.00     0.00    12.40     0  00:02        0.00
  MH_824_132           JUNCTION     0.00     0.01    10.71     0  00:14        0.01
  MH_824_133           JUNCTION     0.00     0.01     9.01     0  00:14        0.01
  MH_824_134           JUNCTION     0.00     0.00    15.20     0  00:14        0.00
  MH_824_135           JUNCTION     0.00     0.00    14.80     0  00:14        0.00
  MH_824_136           JUNCTION     0.00     0.01    12.91     0  00:14        0.01
  MH_824_137           JUNCTION     0.00     0.00    14.60     0  00:14        0.00
  MH_824_138           JUNCTION     0.00     0.00     8.20     0  00:02        0.00
  MH_824_139           JUNCTION     0.00     0.01    12.01     0  00:14        0.01
  MH_824_14            JUNCTION     0.00     0.01     1.01     0  00:14        0.01
  MH_824_140           JUNCTION     0.00     0.01     6.01     0  00:14        0.01
  MH_824_141           JUNCTION     0.00     0.01     7.91     0  00:14        0.01
  MH_824_142           JUNCTION     0.00     0.01     6.81     0  00:14        0.01
  MH_824_143           JUNCTION     0.00     0.00    13.20     0  00:14        0.00
  MH_824_144           JUNCTION     0.00     0.00    11.40     0  00:14        0.00
  MH_824_145           JUNCTION     0.00     0.00     7.20     0  00:14        0.00
  MH_824_146           JUNCTION     0.00     0.01    13.61     0  00:14        0.01
  MH_824_147           JUNCTION     0.00     0.00     1.60     0  00:14        0.00
  MH_824_148           JUNCTION     0.00     0.00    -1.30     0  00:01        0.00
  MH_824_149           JUNCTION     0.00     0.01     0.51     0  00:14        0.01
  MH_824_15            JUNCTION     0.00     0.00    -2.10     0  00:14        0.00
  MH_824_150           JUNCTION     0.00     0.01    14.21     0  00:13        0.01
  MH_824_151           JUNCTION     0.00     0.01     4.21     0  00:14        0.01
  MH_824_152           JUNCTION     0.00     0.00    -0.50     0  00:14        0.00
  MH_824_153           JUNCTION     0.00     0.00     5.00     0  00:02        0.00
  MH_824_154           JUNCTION     0.00     0.00    10.50     0  00:14        0.00
  MH_824_155           JUNCTION     0.00     0.00    11.20     0  00:14        0.00
  MH_824_156           JUNCTION     0.00     0.01    13.11     0  00:14        0.01
  MH_824_157           JUNCTION     0.00     0.00    11.80     0  00:14        0.00
  MH_824_158           JUNCTION     0.00     0.00    10.20     0  00:14        0.00
  MH_824_159           JUNCTION     0.00     0.01    12.41     0  00:14        0.01
  MH_824_16            JUNCTION     0.00     0.00    -1.40     0  00:14        0.00
  MH_824_160           JUNCTION     0.00     0.00    11.70     0  00:01        0.00
  MH_824_161           JUNCTION     0.00     0.00    11.00     0  00:14        0.00
  MH_824_162           JUNCTION     0.00     0.00     9.60     0  00:14        0.00
  MH_824_163           JUNCTION     0.00     0.00    12.20     0  00:14        0.00
  MH_824_164           JUNCTION     0.00     0.00    16.20     0  00:09        0.00
  MH_824_17            JUNCTION     0.00     0.01    -0.09     0  00:14        0.01
  MH_824_18            JUNCTION     0.00     0.00     3.60     0  00:14        0.00
  MH_824_19            JUNCTION     0.03     0.08    -6.62     0  00:01        0.03
  MH_824_2             JUNCTION     0.00     0.01     0.81     0  00:14        0.01
  MH_824_20            JUNCTION     0.00     0.00    -0.50     0  00:14        0.00
  MH_824_21            JUNCTION     0.00     0.00     4.30     0  00:14        0.00
  MH_824_22            JUNCTION     0.00     0.00     2.40     0  00:14        0.00
  MH_824_23            JUNCTION     0.00     0.00     2.10     0  00:14        0.00
  MH_824_24            JUNCTION     0.00     0.00     5.30     0  00:02        0.00
  MH_824_25            JUNCTION     0.31     0.65    -6.35     0  00:00        0.33
  MH_824_26            JUNCTION     0.00     0.00     3.50     0  00:14        0.00
  MH_824_27            JUNCTION     0.00     0.00     1.30     0  00:02        0.00
  MH_824_28            JUNCTION     0.00     0.00     0.20     0  00:14        0.00
  MH_824_29            JUNCTION     0.00     0.00    -0.90     0  00:14        0.00
  MH_824_3             JUNCTION     0.00     0.01     0.21     0  00:14        0.01
  MH_824_30            JUNCTION     0.00     0.00    -1.30     0  00:13        0.00
  MH_824_31            JUNCTION     0.00     0.00     3.50     0  00:14        0.00
  MH_824_32            JUNCTION     0.00     0.00     2.90     0  00:02        0.00
  MH_824_33            JUNCTION     0.00     0.00    -5.30     0  00:14        0.00
  MH_824_34            JUNCTION     0.00     0.00    -6.30     0  00:02        0.00
  MH_824_35            JUNCTION     0.00     0.00    -1.90     0  00:13        0.00
  MH_824_36            JUNCTION     0.00     0.00     2.00     0  00:14        0.00
  MH_824_37            JUNCTION     0.00     0.00    -2.20     0  00:14        0.00
  MH_824_38            JUNCTION     0.00     0.00    -2.50     0  00:07        0.00
  MH_824_39            JUNCTION     0.00     0.00     1.80     0  00:14        0.00
  MH_824_4             JUNCTION     0.00     0.01     1.61     0  00:11        0.01
  MH_824_40            JUNCTION     0.00     0.00     0.40     0  00:14        0.00
  MH_824_41            JUNCTION     0.00     0.00     7.30     0  00:14        0.00
  MH_824_42            JUNCTION     0.00     0.00     4.50     0  00:13        0.00
  MH_824_43            JUNCTION     0.00     0.00     3.20     0  00:02        0.00
  MH_824_44            JUNCTION     0.00     0.00     0.50     0  00:14        0.00
  MH_824_45            JUNCTION     0.00     0.00    -1.00     0  00:14        0.00
  MH_824_46            JUNCTION     0.00     0.00     1.30     0  00:14        0.00
  MH_824_47            JUNCTION     0.00     0.00    -4.00     0  00:02        0.00
  MH_824_48            JUNCTION     0.00     0.00     1.10     0  00:14        0.00
  MH_824_49            JUNCTION     0.00     0.00     6.40     0  00:14        0.00
  MH_824_5             JUNCTION     0.00     0.01    -0.89     0  00:14        0.01
  MH_824_50            JUNCTION     0.00     0.00     3.80     0  00:07        0.00
  MH_824_51            JUNCTION     0.00     0.00     2.90     0  00:09        0.00
  MH_824_52            JUNCTION     0.00     0.00     7.20     0  00:03        0.00
  MH_824_53            JUNCTION     0.00     0.00     2.50     0  00:14        0.00
  MH_824_54            JUNCTION     0.00     0.00     3.30     0  00:06        0.00
  MH_824_55            JUNCTION     0.00     0.00     2.70     0  00:14        0.00
  MH_824_56            JUNCTION     0.00     0.00     4.20     0  00:07        0.00
  MH_824_57            JUNCTION     0.00     0.00     3.60     0  00:14        0.00
  MH_824_58            JUNCTION     0.00     0.00     4.50     0  00:11        0.00
  MH_824_59            JUNCTION     0.00     0.00     3.00     0  00:02        0.00
  MH_824_6             JUNCTION     0.00     0.00    -3.00     0  00:14        0.00
  MH_824_60            JUNCTION     0.00     0.00    -3.00     0  00:10        0.00
  MH_824_61            JUNCTION     0.00     0.00    -1.60     0  00:14        0.00
  MH_824_62            JUNCTION     0.00     0.01     4.01     0  00:14        0.01
  MH_824_63            JUNCTION     0.00     0.01     0.11     0  00:14        0.01
  MH_824_64            JUNCTION     0.00     0.00     0.00     0  00:14        0.00
  MH_824_65            JUNCTION     0.00     0.00     4.30     0  00:02        0.00
  MH_824_66            JUNCTION     0.00     0.00     6.00     0  00:02        0.00
  MH_824_67            JUNCTION     0.00     0.01     1.51     0  00:14        0.01
  MH_824_68            JUNCTION     0.00     0.00     5.00     0  00:02        0.00
  MH_824_69            JUNCTION     0.00     0.00    10.10     0  00:01        0.00
  MH_824_7             JUNCTION     0.00     0.01    -2.09     0  00:14        0.01
  MH_824_70            JUNCTION     0.00     0.01     8.51     0  00:14        0.01
  MH_824_71            JUNCTION     0.00     0.00    10.00     0  00:11        0.00
  MH_824_72            JUNCTION     0.00     0.00     7.80     0  00:14        0.00
  MH_824_73            JUNCTION     0.00     0.00     9.10     0  00:06        0.00
  MH_824_74            JUNCTION     0.00     0.00     7.80     0  00:14        0.00
  MH_824_75            JUNCTION     0.00     0.00     7.20     0  00:01        0.00
  MH_824_76            JUNCTION     0.00     0.00     8.90     0  00:14        0.00
  MH_824_77            JUNCTION     0.00     0.00     8.20     0  00:14        0.00
  MH_824_78            JUNCTION     0.00     0.00     8.20     0  00:14        0.00
  MH_824_79            JUNCTION     0.00     0.00    13.10     0  00:14        0.00
  MH_824_8             JUNCTION     0.00     0.00    -3.70     0  00:14        0.00
  MH_824_80            JUNCTION     0.00     0.00     7.30     0  00:14        0.00
  MH_824_81            JUNCTION     0.00     0.00    11.60     0  00:03        0.00
  MH_824_82            JUNCTION     0.00     0.00     3.20     0  00:14        0.00
  MH_824_83            JUNCTION     0.00     0.00     4.30     0  00:09        0.00
  MH_824_84            JUNCTION     0.00     0.00     3.90     0  00:14        0.00
  MH_824_85            JUNCTION     0.00     0.00     5.50     0  00:14        0.00
  MH_824_86            JUNCTION     0.00     0.00     6.30     0  00:13        0.00
  MH_824_87            JUNCTION     0.00     0.00    10.90     0  00:02        0.00
  MH_824_88            JUNCTION     0.00     0.00     2.60     0  00:13        0.00
  MH_824_89            JUNCTION     0.00     0.00     2.10     0  00:01        0.00
  MH_824_9             JUNCTION     0.00     0.00     2.80     0  00:14        0.00
  MH_824_90            JUNCTION     0.00     0.00     7.60     0  00:14        0.00
  MH_824_91            JUNCTION     0.00     0.00     8.70     0  00:14        0.00
  MH_824_92            JUNCTION     0.00     0.00    11.40     0  00:14        0.00
  MH_824_93            JUNCTION     0.00     0.00     7.80     0  00:14        0.00
  MH_824_94            JUNCTION     0.00     0.00     7.10     0  00:14        0.00
  MH_824_95            JUNCTION     0.00     0.00     5.60     0  00:14        0.00
  MH_824_96            JUNCTION     0.00     0.01     5.81     0  00:14        0.01
  MH_824_97            JUNCTION     0.00     0.00    10.30     0  00:14        0.00
  MH_824_98            JUNCTION     0.00     0.00    11.70     0  00:11        0.00
  MH_824_99            JUNCTION     0.00     0.01    14.61     0  00:14        0.01
  MH_825_10            JUNCTION     0.00     0.00     0.30     0  00:14        0.00
  MH_825_11            JUNCTION     0.00     0.00    -9.10     0  00:02        0.00
  MH_825_12            JUNCTION     0.00     0.00     4.20     0  00:14        0.00
  MH_825_13            JUNCTION     0.00     0.01     6.51     0  00:14        0.01
  MH_825_14            JUNCTION     0.00     0.00    11.40     0  00:12        0.00
  MH_825_2             JUNCTION     0.14     0.52     2.92     0  00:01        0.05
  MH_825_3             JUNCTION     0.77     7.53     9.23     0  00:00        0.72
  MH_825_4             JUNCTION     0.45     4.33     6.23     0  00:02        0.54
  MH_825_5             JUNCTION     1.55     6.30    11.70     0  00:00        0.91
  MH_825_6             JUNCTION     0.00     0.01    11.81     0  00:14        0.01
  MH_825_7             JUNCTION     0.01     0.05     8.15     0  00:00        0.00
  MH_825_8             JUNCTION     0.00     0.00    -2.20     0  00:14        0.00
  MH_825_9             JUNCTION     0.00     0.00    -1.80     0  00:14        0.00
  MH_919_1             JUNCTION     0.00     0.00     9.30     0  00:14        0.00
  MH_919_10            JUNCTION     0.00     0.00     5.20     0  00:01        0.00
  MH_919_100           JUNCTION     0.00     0.01    10.31     0  00:14        0.01
  MH_919_101           JUNCTION     0.00     0.01     5.31     0  00:14        0.01
  MH_919_102           JUNCTION     0.00     0.01    10.01     0  00:14        0.01
  MH_919_103           JUNCTION     0.00     0.01     5.41     0  00:14        0.01
  MH_919_104           JUNCTION     0.00     0.00     4.50     0  00:14        0.00
  MH_919_105           JUNCTION     0.00     0.01    -0.99     0  00:14        0.01
  MH_919_106           JUNCTION     0.00     0.01    11.71     0  00:14        0.01
  MH_919_107           JUNCTION     0.00     0.01    10.61     0  00:14        0.01
  MH_919_108           JUNCTION     0.00     0.00     4.40     0  00:14        0.00
  MH_919_109           JUNCTION     0.00     0.00     2.00     0  00:14        0.00
  MH_919_11            JUNCTION     0.00     0.01    13.21     0  00:14        0.01
  MH_919_110           JUNCTION     0.00     0.01     4.41     0  00:14        0.01
  MH_919_111           JUNCTION     0.00     0.01     2.11     0  00:14        0.01
  MH_919_112           JUNCTION     0.00     0.01     8.51     0  00:14        0.01
  MH_919_113           JUNCTION     0.00     0.00     5.10     0  00:14        0.00
  MH_919_114           JUNCTION     0.00     0.01    11.71     0  00:14        0.01
  MH_919_115           JUNCTION     0.00     0.00     3.30     0  00:14        0.00
  MH_919_116           JUNCTION     0.00     0.00     2.50     0  00:14        0.00
  MH_919_117           JUNCTION     0.00     0.01     2.51     0  00:14        0.01
  MH_919_118           JUNCTION     0.00     0.01     5.81     0  00:14        0.01
  MH_919_119           JUNCTION     0.00     0.01     2.91     0  00:14        0.01
  MH_919_12            JUNCTION     0.00     0.01    12.11     0  00:14        0.01
  MH_919_120           JUNCTION     0.00     0.00    -0.10     0  00:14        0.00
  MH_919_121           JUNCTION     0.00     0.00     0.20     0  00:14        0.00
  MH_919_122           JUNCTION     0.00     0.00     0.50     0  00:14        0.00
  MH_919_123           JUNCTION     0.00     0.01     4.41     0  00:14        0.01
  MH_919_124           JUNCTION     0.00     0.00     1.00     0  00:14        0.00
  MH_919_125           JUNCTION     0.00     0.00     1.90     0  00:14        0.00
  MH_919_126           JUNCTION     0.00     0.01     2.61     0  00:14        0.01
  MH_919_127           JUNCTION     0.00     0.00     3.60     0  00:14        0.00
  MH_919_128           JUNCTION     0.00     0.01     3.51     0  00:14        0.01
  MH_919_129           JUNCTION     0.00     0.00     4.10     0  00:14        0.00
  MH_919_13            JUNCTION     0.00     0.01     7.81     0  00:14        0.01
  MH_919_130           JUNCTION     0.00     0.01     1.71     0  00:14        0.01
  MH_919_131           JUNCTION     0.00     0.00     3.00     0  00:14        0.00
  MH_919_132           JUNCTION     0.00     0.00     0.20     0  00:14        0.00
  MH_919_133           JUNCTION     0.00     0.00     5.10     0  00:14        0.00
  MH_919_134           JUNCTION     0.00     0.00     7.30     0  00:14        0.00
  MH_919_135           JUNCTION     0.00     0.00     6.40     0  00:14        0.00
  MH_919_136           JUNCTION     0.00     0.01     3.11     0  00:14        0.01
  MH_919_137           JUNCTION     0.00     0.00     4.40     0  00:14        0.00
  MH_919_138           JUNCTION     0.00     0.00     5.20     0  00:14        0.00
  MH_919_139           JUNCTION     0.00     0.01     9.41     0  00:14        0.01
  MH_919_14            JUNCTION     0.00     0.01    16.01     0  00:14        0.01
  MH_919_140           JUNCTION     0.00     0.00     8.00     0  00:14        0.00
  MH_919_141           JUNCTION     0.00     0.00     4.30     0  00:14        0.00
  MH_919_142           JUNCTION     0.00     0.01    10.61     0  00:14        0.01
  MH_919_143           JUNCTION     0.00     0.01     0.41     0  00:14        0.01
  MH_919_144           JUNCTION     0.00     0.01     7.91     0  00:14        0.01
  MH_919_145           JUNCTION     0.00     0.01    10.01     0  00:14        0.01
  MH_919_146           JUNCTION     0.00     0.00     6.90     0  00:14        0.00
  MH_919_147           JUNCTION     0.00     0.01     4.21     0  00:14        0.01
  MH_919_148           JUNCTION     0.00     0.01     4.11     0  00:14        0.01
  MH_919_149           JUNCTION     0.00     0.01     5.01     0  00:14        0.01
  MH_919_15            JUNCTION     0.00     0.01    14.71     0  00:14        0.01
  MH_919_150           JUNCTION     0.00     0.01     6.41     0  00:14        0.01
  MH_919_151           JUNCTION     0.00     0.00     8.10     0  00:14        0.00
  MH_919_152           JUNCTION     0.00     0.00     9.60     0  00:14        0.00
  MH_919_153           JUNCTION     0.00     0.00     6.10     0  00:14        0.00
  MH_919_154           JUNCTION     0.00     0.00     5.00     0  00:14        0.00
  MH_919_155           JUNCTION     0.00     0.01     1.61     0  00:14        0.01
  MH_919_156           JUNCTION     0.00     0.00     5.30     0  00:14        0.00
  MH_919_157           JUNCTION     0.00     0.01     8.51     0  00:14        0.01
  MH_919_158           JUNCTION     0.00     0.00     4.70     0  00:11        0.00
  MH_919_159           JUNCTION     0.00     0.01     8.01     0  00:14        0.01
  MH_919_16            JUNCTION     0.01     0.01    14.81     0  00:14        0.01
  MH_919_160           JUNCTION     0.00     0.00     5.20     0  00:14        0.00
  MH_919_161           JUNCTION     0.00     0.00     5.20     0  00:14        0.00
  MH_919_162           JUNCTION     0.00     0.00     3.10     0  00:04        0.00
  MH_919_163           JUNCTION     0.00     0.00     5.30     0  00:14        0.00
  MH_919_164           JUNCTION     0.00     0.01     5.21     0  00:14        0.01
  MH_919_165           JUNCTION     0.00     0.01     4.01     0  00:14        0.01
  MH_919_166           JUNCTION     0.00     0.01     6.51     0  00:14        0.01
  MH_919_167           JUNCTION     0.00     0.00     8.60     0  00:14        0.00
  MH_919_168           JUNCTION     0.00     0.00     8.00     0  00:14        0.00
  MH_919_169           JUNCTION     0.00     0.01     3.91     0  00:14        0.01
  MH_919_17            JUNCTION     0.00     0.01     9.11     0  00:14        0.01
  MH_919_170           JUNCTION     0.00     0.00     6.90     0  00:14        0.00
  MH_919_171           JUNCTION     0.00     0.01     7.51     0  00:14        0.01
  MH_919_172           JUNCTION     0.00     0.00     7.50     0  00:14        0.00
  MH_919_173           JUNCTION     0.00     0.00     4.50     0  00:14        0.00
  MH_919_174           JUNCTION     0.00     0.00     5.30     0  00:14        0.00
  MH_919_175           JUNCTION     0.00     0.01     5.51     0  00:14        0.01
  MH_919_176           JUNCTION     0.00     0.00     6.60     0  00:14        0.00
  MH_919_177           JUNCTION     0.00     0.01     5.81     0  00:14        0.01
  MH_919_178           JUNCTION     0.00     0.00     6.10     0  00:14        0.00
  MH_919_179           JUNCTION     0.00     0.00     6.80     0  00:14        0.00
  MH_919_18            JUNCTION     0.00     0.01     8.71     0  00:14        0.01
  MH_919_180           JUNCTION     0.00     0.00     7.80     0  00:14        0.00
  MH_919_181           JUNCTION     0.00     0.00     6.60     0  00:14        0.00
  MH_919_182           JUNCTION     0.00     0.00     4.70     0  00:14        0.00
  MH_919_183           JUNCTION     0.00     0.00     9.30     0  00:14        0.00
  MH_919_184           JUNCTION     0.00     0.00    -0.60     0  00:14        0.00
  MH_919_185           JUNCTION     0.00     0.01    -0.99     0  00:14        0.01
  MH_919_186           JUNCTION     0.00     0.00     7.20     0  00:14        0.00
  MH_919_187           JUNCTION     0.00     0.00     1.90     0  00:14        0.00
  MH_919_188           JUNCTION     0.00     0.00     4.50     0  00:14        0.00
  MH_919_189           JUNCTION     0.00     0.00     5.80     0  00:02        0.00
  MH_919_19            JUNCTION     0.00     0.00     8.50     0  00:14        0.00
  MH_919_190           JUNCTION     0.00     0.00    -1.70     0  00:00        0.00
  MH_919_191           JUNCTION     0.00     0.00    -1.60     0  00:14        0.00
  MH_919_192           JUNCTION     0.00     0.00     0.10     0  00:14        0.00
  MH_919_193           JUNCTION     0.00     0.00     1.70     0  00:14        0.00
  MH_919_194           JUNCTION     0.00     0.00     2.90     0  00:14        0.00
  MH_919_195           JUNCTION     0.00     0.00     9.00     0  00:14        0.00
  MH_919_196           JUNCTION     0.00     0.01     4.01     0  00:11        0.01
  MH_919_197           JUNCTION     0.00     0.01     3.31     0  00:14        0.01
  MH_919_198           JUNCTION     0.00     0.00    10.40     0  00:12        0.00
  MH_919_199           JUNCTION     0.00     0.01     7.01     0  00:14        0.01
  MH_919_2             JUNCTION     0.01     0.02    11.72     0  00:14        0.02
  MH_919_20            JUNCTION     0.01     0.01    10.11     0  00:14        0.01
  MH_919_200           JUNCTION     0.00     0.01     0.41     0  00:14        0.01
  MH_919_201           JUNCTION     0.00     0.01    -0.29     0  00:14        0.01
  MH_919_202           JUNCTION     0.00     0.01     1.41     0  00:14        0.01
  MH_919_203           JUNCTION     0.00     0.00     2.10     0  00:14        0.00
  MH_919_204           JUNCTION     0.00     0.00     2.60     0  00:14        0.00
  MH_919_205           JUNCTION     0.00     0.00     1.70     0  00:14        0.00
  MH_919_206           JUNCTION     0.01     0.01     2.41     0  00:14        0.01
  MH_919_207           JUNCTION     0.00     0.00     4.50     0  00:02        0.00
  MH_919_208           JUNCTION     0.00     0.00     1.30     0  00:14        0.00
  MH_919_209           JUNCTION     0.00     0.00     5.00     0  00:06        0.00
  MH_919_21            JUNCTION     0.00     0.01    10.61     0  00:14        0.01
  MH_919_210           JUNCTION     0.00     0.00     5.60     0  00:14        0.00
  MH_919_211           JUNCTION     0.00     0.00     8.40     0  00:14        0.00
  MH_919_212           JUNCTION     0.00     0.01     4.11     0  00:14        0.01
  MH_919_213           JUNCTION     0.00     0.01     5.81     0  00:14        0.01
  MH_919_214           JUNCTION     0.00     0.00     4.70     0  00:02        0.00
  MH_919_215           JUNCTION     0.00     0.01     2.91     0  00:14        0.01
  MH_919_216           JUNCTION     0.00     0.01     9.51     0  00:14        0.01
  MH_919_217           JUNCTION     0.00     0.01     5.21     0  00:14        0.01
  MH_919_218           JUNCTION     0.00     0.00     9.20     0  00:12        0.00
  MH_919_219           JUNCTION     0.00     0.01     7.51     0  00:14        0.01
  MH_919_22            JUNCTION     0.00     0.01     9.41     0  00:14        0.01
  MH_919_220           JUNCTION     0.00     0.00     6.80     0  00:14        0.00
  MH_919_221           JUNCTION     0.00     0.01    -4.39     0  00:14        0.01
  MH_919_222           JUNCTION     0.00     0.00     6.20     0  00:14        0.00
  MH_919_223           JUNCTION     0.00     0.01     1.51     0  00:14        0.01
  MH_919_224           JUNCTION     0.00     0.01     4.01     0  00:14        0.01
  MH_919_225           JUNCTION     0.00     0.00     8.20     0  00:14        0.00
  MH_919_226           JUNCTION     0.00     0.00     6.30     0  00:02        0.00
  MH_919_227           JUNCTION     0.00     0.01     7.21     0  00:14        0.01
  MH_919_228           JUNCTION     0.00     0.00    -3.90     0  00:13        0.00
  MH_919_229           JUNCTION     0.00     0.00     0.40     0  00:14        0.00
  MH_919_23            JUNCTION     0.00     0.00    12.60     0  00:14        0.00
  MH_919_230           JUNCTION     0.00     0.01     0.71     0  00:14        0.01
  MH_919_231           JUNCTION     0.00     0.00     9.50     0  00:14        0.00
  MH_919_232           JUNCTION     0.00     0.00     8.90     0  00:07        0.00
  MH_919_233           JUNCTION     0.00     0.01     2.01     0  00:14        0.01
  MH_919_234           JUNCTION     0.00     0.01     3.41     0  00:14        0.01
  MH_919_24            JUNCTION     0.00     0.00    11.50     0  00:14        0.00
  MH_919_25            JUNCTION     0.00     0.01     9.11     0  00:14        0.01
  MH_919_26            JUNCTION     0.00     0.01    15.51     0  00:13        0.01
  MH_919_27            JUNCTION     0.02     0.13    -1.47     0  00:14        0.13
  MH_919_28            JUNCTION     0.00     0.00     7.90     0  00:14        0.00
  MH_919_29            JUNCTION     0.00     0.01     6.41     0  00:14        0.01
  MH_919_3             JUNCTION     0.00     0.01    10.91     0  00:14        0.01
  MH_919_30            JUNCTION     0.00     0.01     8.31     0  00:14        0.01
  MH_919_31            JUNCTION     0.00     0.01     7.61     0  00:14        0.01
  MH_919_32            JUNCTION     0.00     0.01    16.21     0  00:14        0.01
  MH_919_33            JUNCTION     0.00     0.00    11.90     0  00:13        0.00
  MH_919_34            JUNCTION     0.00     0.00    12.60     0  00:14        0.00
  MH_919_35            JUNCTION     0.00     0.00     0.30     0  00:10        0.00
  MH_919_36            JUNCTION     0.01     0.10    -2.60     0  00:14        0.10
  MH_919_37            JUNCTION     0.00     0.01     2.01     0  00:14        0.01
  MH_919_38            JUNCTION     0.00     0.00     9.80     0  00:14        0.00
  MH_919_39            JUNCTION     0.00     0.00     7.20     0  00:14        0.00
  MH_919_4             JUNCTION     0.00     0.01    10.91     0  00:14        0.01
  MH_919_40            JUNCTION     0.00     0.01     9.41     0  00:14        0.01
  MH_919_41            JUNCTION     0.00     0.01     3.61     0  00:14        0.01
  MH_919_42            JUNCTION     0.00     0.01     6.71     0  00:14        0.01
  MH_919_43            JUNCTION     0.00     0.00     5.30     0  00:14        0.00
  MH_919_44            JUNCTION     0.00     0.01     5.11     0  00:14        0.01
  MH_919_45            JUNCTION     0.00     0.01    10.71     0  00:13        0.01
  MH_919_46            JUNCTION     0.00     0.01     9.71     0  00:14        0.01
  MH_919_47            JUNCTION     0.00     0.00     9.00     0  00:14        0.00
  MH_919_48            JUNCTION     0.00     0.03    -3.67     0  00:14        0.03
  MH_919_49            JUNCTION     0.00     0.01     2.51     0  00:14        0.01
  MH_919_5             JUNCTION     0.00     0.00     6.20     0  00:14        0.00
  MH_919_50            JUNCTION     0.00     0.01     4.01     0  00:14        0.01
  MH_919_51            JUNCTION     0.00     0.01     5.31     0  00:14        0.01
  MH_919_52            JUNCTION     0.00     0.01     1.61     0  00:12        0.00
  MH_919_53            JUNCTION     0.00     0.01     4.71     0  00:14        0.01
  MH_919_54            JUNCTION     0.00     0.01     8.31     0  00:12        0.01
  MH_919_55            JUNCTION     0.00     0.01     4.41     0  00:14        0.01
  MH_919_56            JUNCTION     0.00     0.00     6.30     0  00:14        0.00
  MH_919_57            JUNCTION     0.00     0.00     2.90     0  00:03        0.00
  MH_919_58            JUNCTION     0.00     0.01     8.41     0  00:14        0.01
  MH_919_59            JUNCTION     0.00     0.01     2.71     0  00:14        0.01
  MH_919_6             JUNCTION     0.00     0.01     7.21     0  00:14        0.01
  MH_919_60            JUNCTION     0.00     0.00     1.10     0  00:00        0.00
  MH_919_61            JUNCTION     0.00     0.00     1.40     0  00:14        0.00
  MH_919_63            JUNCTION     0.00     0.00     5.50     0  00:10        0.00
  MH_919_64            JUNCTION     0.00     0.01    -4.79     0  00:14        0.01
  MH_919_65            JUNCTION     0.00     0.00     0.30     0  00:14        0.00
  MH_919_66            JUNCTION     0.00     0.01     2.41     0  00:14        0.01
  MH_919_67            JUNCTION     0.00     0.01     1.31     0  00:14        0.01
  MH_919_68            JUNCTION     0.00     0.01     9.31     0  00:14        0.01
  MH_919_69            JUNCTION     0.00     0.01     3.51     0  00:14        0.01
  MH_919_7             JUNCTION     0.00     0.00    10.60     0  00:14        0.00
  MH_919_70            JUNCTION     0.00     0.01     4.81     0  00:14        0.01
  MH_919_71            JUNCTION     0.00     0.00    -1.90     0  00:01        0.00
  MH_919_72            JUNCTION     0.00     0.00     7.60     0  00:14        0.00
  MH_919_73            JUNCTION     0.00     0.01     6.91     0  00:14        0.01
  MH_919_74            JUNCTION     0.00     0.01     4.31     0  00:14        0.01
  MH_919_75            JUNCTION     0.00     0.01    -2.99     0  00:14        0.01
  MH_919_76            JUNCTION     0.00     0.00     8.50     0  00:14        0.00
  MH_919_77            JUNCTION     0.00     0.01     8.21     0  00:14        0.01
  MH_919_78            JUNCTION     0.00     0.01     7.01     0  00:14        0.01
  MH_919_79            JUNCTION     0.00     0.01     5.71     0  00:14        0.01
  MH_919_8             JUNCTION     0.00     0.01     9.01     0  00:14        0.01
  MH_919_80            JUNCTION     0.00     0.01    10.71     0  00:14        0.01
  MH_919_81            JUNCTION     0.00     0.01    -1.09     0  00:14        0.01
  MH_919_82            JUNCTION     0.00     0.01     8.81     0  00:14        0.01
  MH_919_83            JUNCTION     0.00     0.00     2.20     0  00:14        0.00
  MH_919_84            JUNCTION     0.00     0.00     3.50     0  00:14        0.00
  MH_919_85            JUNCTION     0.00     0.01     4.51     0  00:14        0.01
  MH_919_86            JUNCTION     0.00     0.00     5.50     0  00:14        0.00
  MH_919_87            JUNCTION     0.00     0.01     5.51     0  00:14        0.01
  MH_919_88            JUNCTION     0.00     0.01    -2.29     0  00:14        0.01
  MH_919_89            JUNCTION     0.00     0.01     6.11     0  00:14        0.01
  MH_919_9             JUNCTION     0.03     0.15    -0.25     0  00:14        0.15
  MH_919_90            JUNCTION     0.00     0.00     6.10     0  00:14        0.00
  MH_919_91            JUNCTION     0.00     0.01     3.01     0  00:14        0.01
  MH_919_92            JUNCTION     0.00     0.01    10.21     0  00:14        0.01
  MH_919_93            JUNCTION     0.00     0.01     9.41     0  00:14        0.01
  MH_919_94            JUNCTION     0.00     0.00     5.60     0  00:12        0.00
  MH_919_95            JUNCTION     0.00     0.01     9.41     0  00:14        0.01
  MH_919_96            JUNCTION     0.00     0.00     0.30     0  00:14        0.00
  MH_919_97            JUNCTION     0.00     0.01     4.31     0  00:14        0.01
  MH_919_98            JUNCTION     0.00     0.01     5.61     0  00:14        0.01
  MH_919_99            JUNCTION     0.00     0.01     6.01     0  00:14        0.01
  MH_920_1             JUNCTION     0.00     0.00    -3.60     0  00:01        0.00
  MH_920_10            JUNCTION     0.00     0.01    -0.39     0  00:14        0.01
  MH_920_11            JUNCTION     0.00     0.01     2.31     0  00:14        0.01
  MH_920_12            JUNCTION     0.00     0.01     4.01     0  00:14        0.01
  MH_920_13            JUNCTION     0.00     0.01     5.61     0  00:14        0.01
  MH_920_14            JUNCTION     0.00     0.00     7.30     0  00:14        0.00
  MH_920_15            JUNCTION     0.00     0.00    -0.30     0  00:14        0.00
  MH_920_16            JUNCTION     0.00     0.01     0.71     0  00:14        0.01
  MH_920_17            JUNCTION     0.00     0.01     1.41     0  00:14        0.01
  MH_920_18            JUNCTION     0.00     0.00     2.70     0  00:14        0.00
  MH_920_19            JUNCTION     0.00     0.00     4.00     0  00:14        0.00
  MH_920_2             JUNCTION     0.00     0.00    -2.30     0  00:14        0.00
  MH_920_20            JUNCTION     0.00     0.00     5.20     0  00:14        0.00
  MH_920_21            JUNCTION     0.00     0.00     7.80     0  00:14        0.00
  MH_920_22            JUNCTION     0.00     0.01     4.61     0  00:14        0.01
  MH_920_23            JUNCTION     0.00     0.01     6.11     0  00:14        0.01
  MH_920_24            JUNCTION     0.00     0.00     3.00     0  00:14        0.00
  MH_920_25            JUNCTION     0.00     0.01     7.71     0  00:14        0.01
  MH_920_26            JUNCTION     0.00     0.01     7.01     0  00:14        0.01
  MH_920_27            JUNCTION     0.00     0.01     5.61     0  00:14        0.01
  MH_920_28            JUNCTION     0.01     0.01     6.21     0  00:14        0.01
  MH_920_29            JUNCTION     0.00     0.00     1.90     0  00:14        0.00
  MH_920_3             JUNCTION     0.00     0.01     4.71     0  00:14        0.01
  MH_920_30            JUNCTION     0.00     0.01     4.91     0  00:14        0.01
  MH_920_31            JUNCTION     0.00     0.01     7.01     0  00:14        0.01
  MH_920_32            JUNCTION     0.00     0.01     2.51     0  00:14        0.01
  MH_920_33            JUNCTION     0.00     0.00     1.10     0  00:14        0.00
  MH_920_34            JUNCTION     0.00     0.00     3.80     0  00:14        0.00
  MH_920_35            JUNCTION     0.00     0.00     3.70     0  00:02        0.00
  MH_920_36            JUNCTION     0.00     0.01     2.81     0  00:14        0.01
  MH_920_37            JUNCTION     0.00     0.00     3.30     0  00:14        0.00
  MH_920_38            JUNCTION     0.00     0.00     1.50     0  00:14        0.00
  MH_920_39            JUNCTION     0.00     0.00    -0.60     0  00:14        0.00
  MH_920_4             JUNCTION     0.00     0.01     6.61     0  00:14        0.01
  MH_920_40            JUNCTION     0.00     0.01    -1.09     0  00:14        0.01
  MH_920_41            JUNCTION     0.00     0.01     3.21     0  00:14        0.01
  MH_920_42            JUNCTION     0.00     0.01     2.61     0  00:14        0.01
  MH_920_43            JUNCTION     0.00     0.01     5.31     0  00:14        0.01
  MH_920_44            JUNCTION     0.00     0.01     1.81     0  00:14        0.01
  MH_920_45            JUNCTION     0.00     0.01     1.31     0  00:14        0.01
  MH_920_46            JUNCTION     0.00     0.00    -2.90     0  00:14        0.00
  MH_920_47            JUNCTION     0.00     0.00    -0.70     0  00:14        0.00
  MH_920_48            JUNCTION     0.00     0.00    -1.10     0  00:14        0.00
  MH_920_49            JUNCTION     0.00     0.01    -1.89     0  00:14        0.01
  MH_920_5             JUNCTION     0.00     0.01     8.41     0  00:14        0.01
  MH_920_50            JUNCTION     0.00     0.00    -4.00     0  00:00        0.00
  MH_920_51            JUNCTION     0.12     0.31     0.41     0  00:01        0.01
  MH_920_52            JUNCTION     0.00     0.00     0.70     0  00:14        0.00
  MH_920_53            JUNCTION     0.00     0.00    -2.70     0  00:01        0.00
  MH_920_54            JUNCTION     0.09     0.31    -0.59     0  00:02        0.00
  MH_920_55            JUNCTION     0.19     0.35    -2.95     0  00:14        0.35
  MH_920_57            JUNCTION     0.00     0.01     5.51     0  00:14        0.01
  MH_920_58            JUNCTION     0.00     0.01     6.11     0  00:13        0.01
  MH_920_59            JUNCTION     0.00     0.01     5.51     0  00:14        0.01
  MH_920_6             JUNCTION     0.00     0.00    10.30     0  00:13        0.00
  MH_920_60            JUNCTION     0.00     0.00     5.00     0  00:14        0.00
  MH_920_61            JUNCTION     0.00     0.00     4.30     0  00:14        0.00
  MH_920_62            JUNCTION     0.23     0.42    -4.88     0  00:01        0.25
  MH_920_63            JUNCTION     0.00     0.00    -4.50     0  00:01        0.00
  MH_920_64            JUNCTION     0.00     0.00    -3.40     0  00:14        0.00
  MH_920_65            JUNCTION     0.00     0.00    -2.20     0  00:14        0.00
  MH_920_66            JUNCTION     0.00     0.01    -1.69     0  00:14        0.01
  MH_920_7             JUNCTION     0.00     0.01     7.71     0  00:14        0.01
  MH_920_8             JUNCTION     0.00     0.00     7.00     0  00:14        0.00
  MH_920_9             JUNCTION     0.00     0.00    -0.70     0  00:14        0.00
  MH_928_105           JUNCTION     0.00     0.00     6.40     0  00:14        0.00
  MH_928_107           JUNCTION     0.01     0.01    14.61     0  00:08        0.01
  MH_928_118           JUNCTION     0.00     0.01     7.71     0  00:14        0.01
  MH_928_13            JUNCTION     0.00     0.01    18.51     0  00:14        0.01
  MH_928_18            JUNCTION     0.00     0.00     2.20     0  00:14        0.00
  MH_928_27            JUNCTION     0.00     0.01    28.11     0  00:09        0.01
  MH_928_28            JUNCTION     0.00     0.00    18.70     0  00:01        0.00
  MH_928_36            JUNCTION     0.01     0.01    12.61     0  00:09        0.01
  MH_928_43            JUNCTION     0.01     0.01    12.21     0  00:14        0.01
  MH_928_47            JUNCTION     0.00     0.01    11.81     0  00:14        0.01
  MH_928_49            JUNCTION     0.00     0.00    12.10     0  00:02        0.00
  MH_928_50            JUNCTION     0.00     0.00     3.50     0  00:14        0.00
  MH_928_53            JUNCTION     0.00     0.00    11.40     0  00:14        0.00
  MH_928_58            JUNCTION     0.00     0.00    10.70     0  00:14        0.00
  MH_928_6             JUNCTION     0.00     0.00    17.00     0  00:14        0.00
  MH_928_65            JUNCTION     0.00     0.01    11.11     0  00:14        0.01
  MH_928_66            JUNCTION     0.00     0.01    13.41     0  00:11        0.00
  MH_928_67            JUNCTION     0.00     0.01     4.81     0  00:14        0.01
  MH_928_69            JUNCTION     0.00     0.00    10.00     0  00:14        0.00
  MH_928_76            JUNCTION     0.00     0.00     9.30     0  00:14        0.00
  MH_928_81            JUNCTION     0.00     0.00    10.10     0  00:14        0.00
  MH_928_86            JUNCTION     0.01     0.02    12.32     0  00:14        0.02
  MH_928_87            JUNCTION     0.00     0.01     9.01     0  00:14        0.01
  MH_928_88            JUNCTION     0.00     0.01    11.31     0  00:14        0.01
  MH_928_89            JUNCTION     0.00     0.00     8.80     0  00:14        0.00
  MH_928_90            JUNCTION     0.00     0.00     7.60     0  00:14        0.00
  MH_928_91            JUNCTION     0.00     0.01    10.61     0  00:14        0.01
  MH_928_92            JUNCTION     0.00     0.00     5.70     0  00:14        0.00
  MH_928_98            JUNCTION     0.00     0.01    13.01     0  00:14        0.01
  MH_929_1             JUNCTION     0.00     0.00     4.30     0  00:14        0.00
  MH_929_10            JUNCTION     0.00     0.00     0.70     0  00:14        0.00
  MH_929_100           JUNCTION     0.00     0.01    14.81     0  00:14        0.01
  MH_929_101           JUNCTION     0.00     0.01    14.01     0  00:14        0.01
  MH_929_102           JUNCTION     0.00     0.01    12.71     0  00:14        0.01
  MH_929_103           JUNCTION     0.00     0.00    12.50     0  00:14        0.00
  MH_929_104           JUNCTION     0.00     0.01    11.01     0  00:14        0.01
  MH_929_105           JUNCTION     0.00     0.00     7.00     0  00:14        0.00
  MH_929_106           JUNCTION     0.00     0.00     8.70     0  00:14        0.00
  MH_929_107           JUNCTION     0.00     0.00     6.00     0  00:14        0.00
  MH_929_108           JUNCTION     0.00     0.00     5.10     0  00:14        0.00
  MH_929_109           JUNCTION     0.00     0.01     1.61     0  00:14        0.01
  MH_929_11            JUNCTION     0.00     0.00     4.50     0  00:14        0.00
  MH_929_110           JUNCTION     0.00     0.01     1.41     0  00:14        0.01
  MH_929_111           JUNCTION     0.00     0.01     0.61     0  00:14        0.01
  MH_929_112           JUNCTION     0.00     0.01     0.11     0  00:14        0.01
  MH_929_114           JUNCTION     0.00     0.00     2.10     0  00:14        0.00
  MH_929_115           JUNCTION     0.00     0.01    13.61     0  00:14        0.01
  MH_929_116           JUNCTION     0.00     0.01    12.11     0  00:14        0.01
  MH_929_118           JUNCTION     0.00     0.00    12.00     0  00:14        0.00
  MH_929_119           JUNCTION     0.00     0.01     6.11     0  00:14        0.01
  MH_929_12            JUNCTION     0.00     0.01     2.41     0  00:14        0.01
  MH_929_120           JUNCTION     0.00     0.00     9.60     0  00:14        0.00
  MH_929_121           JUNCTION     0.00     0.00     3.10     0  00:13        0.00
  MH_929_122           JUNCTION     0.00     0.00    10.10     0  00:14        0.00
  MH_929_123           JUNCTION     0.00     0.00    12.00     0  00:02        0.00
  MH_929_124           JUNCTION     0.00     0.01    13.01     0  00:14        0.01
  MH_929_125           JUNCTION     0.00     0.01    14.41     0  00:14        0.01
  MH_929_126           JUNCTION     0.00     0.00     7.30     0  00:01        0.00
  MH_929_128           JUNCTION     0.00     0.00    10.40     0  00:14        0.00
  MH_929_13            JUNCTION     0.00     0.01     3.11     0  00:14        0.01
  MH_929_130           JUNCTION     0.00     0.01     4.61     0  00:14        0.01
  MH_929_131           JUNCTION     0.00     0.00     3.40     0  00:14        0.00
  MH_929_132           JUNCTION     0.00     0.00    18.40     0  00:01        0.00
  MH_929_133           JUNCTION     0.00     0.00     2.10     0  00:14        0.00
  MH_929_134           JUNCTION     0.00     0.01    17.81     0  00:14        0.01
  MH_929_135           JUNCTION     0.00     0.01    17.21     0  00:14        0.01
  MH_929_136           JUNCTION     0.00     0.01    15.61     0  00:14        0.01
  MH_929_137           JUNCTION     0.00     0.01    14.71     0  00:14        0.01
  MH_929_138           JUNCTION     0.00     0.00     1.20     0  00:14        0.00
  MH_929_14            JUNCTION     0.00     0.00    15.20     0  00:14        0.00
  MH_929_140           JUNCTION     0.00     0.00    11.30     0  00:03        0.00
  MH_929_142           JUNCTION     0.00     0.00     9.80     0  00:14        0.00
  MH_929_143           JUNCTION     0.00     0.00    11.20     0  00:14        0.00
  MH_929_144           JUNCTION     0.01     0.02    18.42     0  00:14        0.02
  MH_929_145           JUNCTION     0.00     0.01    18.21     0  00:14        0.01
  MH_929_146           JUNCTION     0.00     0.00     8.90     0  00:14        0.00
  MH_929_147           JUNCTION     0.00     0.00    12.00     0  00:14        0.00
  MH_929_148           JUNCTION     0.00     0.01     7.51     0  00:14        0.01
  MH_929_149           JUNCTION     0.00     0.00     0.60     0  00:14        0.00
  MH_929_15            JUNCTION     0.00     0.00     5.10     0  00:14        0.00
  MH_929_150           JUNCTION     0.00     0.00     9.00     0  00:14        0.00
  MH_929_151           JUNCTION     0.00     0.01    19.11     0  00:13        0.01
  MH_929_152           JUNCTION     0.01     0.01    19.41     0  00:09        0.01
  MH_929_153           JUNCTION     0.00     0.00    13.00     0  00:02        0.00
  MH_929_154           JUNCTION     0.00     0.01    17.31     0  00:14        0.01
  MH_929_155           JUNCTION     0.00     0.00    16.50     0  00:01        0.00
  MH_929_158           JUNCTION     0.00     0.00     3.00     0  00:13        0.00
  MH_929_16            JUNCTION     0.00     0.00     4.60     0  00:14        0.00
  MH_929_161           JUNCTION     0.00     0.00     0.00     0  00:14        0.00
  MH_929_162           JUNCTION     0.00     0.01    13.11     0  00:14        0.01
  MH_929_164           JUNCTION     0.00     0.01    11.21     0  00:14        0.01
  MH_929_165           JUNCTION     0.00     0.01     7.61     0  00:14        0.01
  MH_929_166           JUNCTION     0.00     0.01    10.01     0  00:14        0.01
  MH_929_167           JUNCTION     0.00     0.01     8.81     0  00:14        0.01
  MH_929_168           JUNCTION     0.00     0.00     7.90     0  00:05        0.00
  MH_929_169           JUNCTION     0.00     0.00    16.80     0  00:14        0.00
  MH_929_17            JUNCTION     0.00     0.01    16.21     0  00:14        0.01
  MH_929_171           JUNCTION     0.00     0.00     0.00     0  00:01        0.00
  MH_929_174           JUNCTION     0.00     0.00    11.00     0  00:11        0.00
  MH_929_175           JUNCTION     0.00     0.00     2.10     0  00:01        0.00
  MH_929_176           JUNCTION     0.00     0.00    14.20     0  00:14        0.00
  MH_929_177           JUNCTION     0.00     0.01    17.21     0  00:14        0.01
  MH_929_18            JUNCTION     0.00     0.00    26.30     0  00:14        0.00
  MH_929_180           JUNCTION     0.00     0.01     6.61     0  00:14        0.01
  MH_929_181           JUNCTION     0.00     0.00    13.90     0  00:14        0.00
  MH_929_182           JUNCTION     0.00     0.00    14.80     0  00:14        0.00
  MH_929_184           JUNCTION     0.00     0.00    -0.70     0  00:02        0.00
  MH_929_188           JUNCTION     0.00     0.00    12.50     0  00:14        0.00
  MH_929_19            JUNCTION     0.00     0.00    10.30     0  00:14        0.00
  MH_929_190           JUNCTION     0.00     0.01    13.11     0  00:14        0.01
  MH_929_196           JUNCTION     0.00     0.00     5.50     0  00:01        0.00
  MH_929_198           JUNCTION     0.17     0.29    -1.71     0  00:01        0.20
  MH_929_199           JUNCTION     1.26     8.90     6.00     0  00:00        1.13
  MH_929_2             JUNCTION     0.00     0.00    12.10     0  00:01        0.00
  MH_929_20            JUNCTION     0.00     0.00     1.10     0  00:02        0.00
  MH_929_201           JUNCTION     0.00     0.00    17.30     0  00:11        0.00
  MH_929_204           JUNCTION     0.00     0.00     5.70     0  00:00        0.00
  MH_929_205           JUNCTION     0.00     0.00    14.40     0  00:11        0.00
  MH_929_206           JUNCTION     0.00     0.00    15.50     0  00:05        0.00
  MH_929_207           JUNCTION     0.00     0.00    14.00     0  00:12        0.00
  MH_929_209           JUNCTION     0.00     0.00    -1.70     0  00:14        0.00
  MH_929_21            JUNCTION     0.00     0.00     5.80     0  00:14        0.00
  MH_929_211           JUNCTION     0.00     0.01    17.31     0  00:14        0.01
  MH_929_212           JUNCTION     0.00     0.01     6.51     0  00:14        0.01
  MH_929_213           JUNCTION     0.00     0.00     7.60     0  00:14        0.00
  MH_929_214           JUNCTION     0.00     0.00    -0.20     0  00:14        0.00
  MH_929_217           JUNCTION     0.00     0.00     8.70     0  00:14        0.00
  MH_929_218           JUNCTION     0.01     0.02    15.92     0  00:14        0.02
  MH_929_22            JUNCTION     0.00     0.00     4.20     0  00:11        0.00
  MH_929_221           JUNCTION     0.00     0.00    -0.20     0  00:14        0.00
  MH_929_223           JUNCTION     0.00     0.01     8.71     0  00:14        0.01
  MH_929_224           JUNCTION     0.01     0.01    15.61     0  00:13        0.01
  MH_929_226           JUNCTION     0.01     0.02    12.82     0  00:14        0.02
  MH_929_227           JUNCTION     0.00     0.01    11.01     0  00:14        0.01
  MH_929_23            JUNCTION     0.00     0.00     6.00     0  00:14        0.00
  MH_929_230           JUNCTION     0.00     0.00     1.60     0  00:14        0.00
  MH_929_239           JUNCTION     0.00     0.00     0.80     0  00:14        0.00
  MH_929_24            JUNCTION     0.00     0.01     7.51     0  00:14        0.01
  MH_929_240           JUNCTION     0.00     0.00    15.40     0  00:14        0.00
  MH_929_25            JUNCTION     0.00     0.00    14.70     0  00:14        0.00
  MH_929_26            JUNCTION     0.00     0.01     5.61     0  00:14        0.01
  MH_929_27            JUNCTION     0.00     0.00    19.10     0  00:05        0.00
  MH_929_28            JUNCTION     0.00     0.00    11.50     0  00:14        0.00
  MH_929_29            JUNCTION     0.00     0.01    13.01     0  00:14        0.01
  MH_929_3             JUNCTION     0.00     0.01    15.21     0  00:14        0.01
  MH_929_30            JUNCTION     0.00     0.01     8.01     0  00:14        0.01
  MH_929_32            JUNCTION     0.00     0.00    18.80     0  00:07        0.00
  MH_929_33            JUNCTION     0.00     0.00    16.90     0  00:10        0.00
  MH_929_34            JUNCTION     0.00     0.01    14.11     0  00:14        0.01
  MH_929_35            JUNCTION     0.00     0.00    12.90     0  00:14        0.00
  MH_929_36            JUNCTION     0.00     0.00     6.40     0  00:14        0.00
  MH_929_37            JUNCTION     0.00     0.00    12.80     0  00:14        0.00
  MH_929_38            JUNCTION     0.00     0.01    11.41     0  00:14        0.01
  MH_929_39            JUNCTION     0.00     0.00    10.10     0  00:14        0.00
  MH_929_4             JUNCTION     0.00     0.00    25.30     0  00:02        0.00
  MH_929_40            JUNCTION     0.01     0.01     7.01     0  00:14        0.01
  MH_929_44            JUNCTION     0.00     0.00     5.90     0  00:14        0.00
  MH_929_46            JUNCTION     0.00     0.01     5.91     0  00:14        0.01
  MH_929_47            JUNCTION     0.00     0.00    20.00     0  00:06        0.00
  MH_929_48            JUNCTION     0.00     0.00    18.10     0  00:07        0.00
  MH_929_49            JUNCTION     0.00     0.00    17.80     0  00:14        0.00
  MH_929_5             JUNCTION     0.00     0.00     4.30     0  00:14        0.00
  MH_929_50            JUNCTION     0.00     0.01    15.91     0  00:14        0.01
  MH_929_51            JUNCTION     0.00     0.00     7.40     0  00:14        0.00
  MH_929_52            JUNCTION     0.00     0.01     8.21     0  00:14        0.01
  MH_929_53            JUNCTION     0.00     0.01     9.01     0  00:14        0.01
  MH_929_54            JUNCTION     0.00     0.02     9.82     0  00:14        0.02
  MH_929_56            JUNCTION     0.00     0.00    21.00     0  00:11        0.00
  MH_929_57            JUNCTION     0.00     0.01     5.01     0  00:14        0.01
  MH_929_58            JUNCTION     0.00     0.00     7.00     0  00:14        0.00
  MH_929_59            JUNCTION     0.00     0.01    15.21     0  00:14        0.01
  MH_929_6             JUNCTION     0.03     0.17     0.67     0  00:00        0.00
  MH_929_63            JUNCTION     0.00     0.01     4.61     0  00:14        0.01
  MH_929_64            JUNCTION     0.00     0.01     9.01     0  00:14        0.01
  MH_929_65            JUNCTION     0.00     0.01     7.81     0  00:14        0.01
  MH_929_66            JUNCTION     0.00     0.01     6.61     0  00:14        0.01
  MH_929_67            JUNCTION     0.00     0.01    13.31     0  00:14        0.01
  MH_929_68            JUNCTION     0.00     0.00    14.10     0  00:14        0.00
  MH_929_69            JUNCTION     0.00     0.00    19.60     0  00:14        0.00
  MH_929_7             JUNCTION     0.00     0.00     3.80     0  00:14        0.00
  MH_929_70            JUNCTION     0.00     0.01    10.81     0  00:14        0.01
  MH_929_71            JUNCTION     0.00     0.01    10.82     0  00:14        0.01
  MH_929_72            JUNCTION     0.00     0.00    17.70     0  00:02        0.00
  MH_929_73            JUNCTION     0.00     0.01    16.51     0  00:14        0.01
  MH_929_74            JUNCTION     0.00     0.01    15.21     0  00:14        0.01
  MH_929_75            JUNCTION     0.01     0.01    11.01     0  00:14        0.01
  MH_929_77            JUNCTION     0.00     0.01    10.81     0  00:14        0.01
  MH_929_78            JUNCTION     0.00     0.00    16.40     0  00:14        0.00
  MH_929_8             JUNCTION     0.00     0.00     5.80     0  00:14        0.00
  MH_929_80            JUNCTION     0.00     0.00    18.90     0  00:02        0.00
  MH_929_81            JUNCTION     0.00     0.01     9.51     0  00:14        0.01
  MH_929_82            JUNCTION     0.00     0.00    17.90     0  00:14        0.00
  MH_929_84            JUNCTION     0.00     0.00    17.10     0  00:14        0.00
  MH_929_85            JUNCTION     0.00     0.01     8.01     0  00:14        0.01
  MH_929_86            JUNCTION     0.00     0.01     6.31     0  00:14        0.01
  MH_929_87            JUNCTION     0.00     0.01    15.51     0  00:14        0.01
  MH_929_88            JUNCTION     0.00     0.00    13.90     0  00:14        0.00
  MH_929_89            JUNCTION     0.00     0.01    13.31     0  00:14        0.01
  MH_929_9             JUNCTION     0.00     0.00     1.90     0  00:14        0.00
  MH_929_90            JUNCTION     0.00     0.01    10.51     0  00:14        0.01
  MH_929_91            JUNCTION     0.00     0.01     9.91     0  00:14        0.01
  MH_929_92            JUNCTION     0.00     0.00     8.30     0  00:14        0.00
  MH_929_93            JUNCTION     0.00     0.00    17.00     0  00:14        0.00
  MH_929_99            JUNCTION     0.00     0.00    15.90     0  00:01        0.00
  MH_930_1             JUNCTION     0.00     0.00    -8.70     0  00:14        0.00
  MH_930_100           JUNCTION     0.01     0.02    10.62     0  00:11        0.02
  MH_930_101           JUNCTION     0.00     0.00     8.70     0  00:02        0.00
  MH_930_102           JUNCTION     0.00     0.00     8.30     0  00:12        0.00
  MH_930_103           JUNCTION     0.00     0.01     7.71     0  00:14        0.01
  MH_930_104           JUNCTION     0.01     0.02    11.42     0  00:13        0.02
  MH_930_105           JUNCTION     0.01     0.02    12.72     0  00:07        0.02
  MH_930_106           JUNCTION     0.01     0.02    12.42     0  00:12        0.02
  MH_930_107           JUNCTION     0.00     0.01    12.71     0  00:14        0.01
  MH_930_108           JUNCTION     0.00     0.01    11.41     0  00:12        0.01
  MH_930_109           JUNCTION     0.01     0.02     9.22     0  00:14        0.02
  MH_930_110           JUNCTION     0.00     0.01     6.21     0  00:14        0.01
  MH_930_111           JUNCTION     0.00     0.02    11.72     0  00:14        0.02
  MH_930_112           JUNCTION     0.01     0.01    10.01     0  00:14        0.01
  MH_930_113           JUNCTION     0.00     0.01    11.41     0  00:14        0.01
  MH_930_114           JUNCTION     0.00     0.01     8.01     0  00:14        0.01
  MH_930_115           JUNCTION     0.01     0.02     9.02     0  00:14        0.02
  MH_930_116           JUNCTION     0.00     0.01     6.61     0  00:14        0.01
  MH_930_117           JUNCTION     0.00     0.01     8.61     0  00:14        0.01
  MH_930_118           JUNCTION     0.00     0.01     8.21     0  00:14        0.01
  MH_930_119           JUNCTION     0.00     0.01     8.01     0  00:14        0.01
  MH_930_120           JUNCTION     0.00     0.01     7.91     0  00:14        0.01
  MH_930_121           JUNCTION     0.00     0.01     9.81     0  00:12        0.01
  MH_930_122           JUNCTION     0.00     0.00     6.00     0  00:01        0.00
  MH_930_123           JUNCTION     0.00     0.01     4.51     0  00:14        0.01
  MH_930_124           JUNCTION     0.00     0.01     2.51     0  00:14        0.01
  MH_930_125           JUNCTION     0.00     0.00     8.10     0  00:14        0.00
  MH_930_126           JUNCTION     0.00     0.01     5.51     0  00:14        0.01
  MH_930_127           JUNCTION     0.00     0.00     6.80     0  00:14        0.00
  MH_930_128           JUNCTION     0.00     0.01     9.01     0  00:14        0.01
  MH_930_129           JUNCTION     0.00     0.01     3.91     0  00:14        0.01
  MH_930_130           JUNCTION     0.00     0.01     8.31     0  00:14        0.01
  MH_930_131           JUNCTION     0.00     0.00     5.30     0  00:14        0.00
  MH_930_132           JUNCTION     0.00     0.00     3.90     0  00:14        0.00
  MH_930_133           JUNCTION     0.00     0.00     2.40     0  00:14        0.00
  MH_930_134           JUNCTION     0.00     0.00    -0.80     0  00:14        0.00
  MH_930_135           JUNCTION     0.00     0.00    -2.00     0  00:14        0.00
  MH_930_136           JUNCTION     0.00     0.01    16.51     0  00:14        0.01
  MH_930_137           JUNCTION     0.00     0.01    12.11     0  00:14        0.01
  MH_930_138           JUNCTION     0.00     0.00     9.30     0  00:14        0.00
  MH_930_139           JUNCTION     0.00     0.01    17.21     0  00:13        0.01
  MH_930_140           JUNCTION     0.00     0.00     0.30     0  00:14        0.00
  MH_930_141           JUNCTION     0.00     0.00    -2.60     0  00:14        0.00
  MH_930_142           JUNCTION     0.00     0.00    15.60     0  00:14        0.00
  MH_930_143           JUNCTION     0.00     0.00    15.00     0  00:14        0.00
  MH_930_144           JUNCTION     0.00     0.01    12.21     0  00:14        0.01
  MH_930_145           JUNCTION     0.00     0.00     7.80     0  00:14        0.00
  MH_930_146           JUNCTION     0.00     0.01     9.11     0  00:14        0.01
  MH_930_147           JUNCTION     0.00     0.01     7.21     0  00:14        0.01
  MH_930_148           JUNCTION     0.00     0.01     1.41     0  00:14        0.01
  MH_930_149           JUNCTION     0.00     0.00    15.60     0  00:14        0.00
  MH_930_150           JUNCTION     0.00     0.00    -3.40     0  00:14        0.00
  MH_930_151           JUNCTION     0.00     0.00    14.30     0  00:14        0.00
  MH_930_152           JUNCTION     0.00     0.01     1.71     0  00:14        0.01
  MH_930_153           JUNCTION     0.00     0.01     7.51     0  00:14        0.01
  MH_930_154           JUNCTION     0.00     0.01    19.21     0  00:14        0.01
  MH_930_155           JUNCTION     0.00     0.00     6.40     0  00:14        0.00
  MH_930_156           JUNCTION     0.00     0.01    17.21     0  00:14        0.01
  MH_930_157           JUNCTION     0.00     0.00    15.40     0  00:14        0.00
  MH_930_158           JUNCTION     0.00     0.00    13.60     0  00:14        0.00
  MH_930_159           JUNCTION     0.00     0.01    10.51     0  00:14        0.01
  MH_930_160           JUNCTION     0.00     0.01    12.31     0  00:14        0.01
  MH_930_161           JUNCTION     0.00     0.01     2.61     0  00:14        0.01
  MH_930_162           JUNCTION     0.00     0.00    19.70     0  00:14        0.00
  MH_930_163           JUNCTION     0.00     0.00    19.00     0  00:14        0.00
  MH_930_164           JUNCTION     0.00     0.01    16.11     0  00:14        0.01
  MH_930_165           JUNCTION     0.00     0.00    15.40     0  00:14        0.00
  MH_930_166           JUNCTION     0.00     0.00     5.20     0  00:14        0.00
  MH_930_167           JUNCTION     0.00     0.00    10.10     0  00:14        0.00
  MH_930_168           JUNCTION     0.00     0.00     9.20     0  00:14        0.00
  MH_930_169           JUNCTION     0.00     0.00    17.10     0  00:10        0.00
  MH_930_170           JUNCTION     0.00     0.01     9.21     0  00:14        0.01
  MH_930_171           JUNCTION     0.00     0.00    11.40     0  00:14        0.00
  MH_930_172           JUNCTION     0.00     0.00    11.10     0  00:14        0.00
  MH_930_173           JUNCTION     0.00     0.01     6.81     0  00:14        0.01
  MH_930_174           JUNCTION     0.00     0.01     6.61     0  00:14        0.01
  MH_930_175           JUNCTION     0.00     0.00     4.80     0  00:14        0.00
  MH_930_176           JUNCTION     0.00     0.00     6.40     0  00:14        0.00
  MH_930_177           JUNCTION     0.00     0.01     7.61     0  00:14        0.01
  MH_930_178           JUNCTION     0.00     0.00     3.70     0  00:14        0.00
  MH_930_179           JUNCTION     0.00     0.00    -5.40     0  00:14        0.00
  MH_930_2             JUNCTION     0.00     0.00    -8.50     0  00:14        0.00
  MH_930_3             JUNCTION     0.00     0.00     1.40     0  00:14        0.00
  MH_930_4             JUNCTION     0.00     0.00     4.50     0  00:14        0.00
  MH_930_46            JUNCTION     0.00     0.00    -7.10     0  00:06        0.00
  MH_930_47            JUNCTION     0.00     0.00    -6.20     0  00:14        0.00
  MH_930_48            JUNCTION     0.00     0.00    -6.30     0  00:14        0.00
  MH_930_5             JUNCTION     0.00     0.00    11.00     0  00:14        0.00
  MH_930_6             JUNCTION     0.00     0.00     8.60     0  00:14        0.00
  MH_930_96            JUNCTION     0.01     0.02     5.62     0  00:14        0.02
  MH_930_97            JUNCTION     0.01     0.01     6.11     0  00:05        0.01
  MH_930_98            JUNCTION     0.00     0.01     4.01     0  00:14        0.01
  MH_930_99            JUNCTION     0.00     0.01     2.31     0  00:14        0.01
  OFALL-12             OUTFALL      5.00     5.00    10.00     0  00:00        5.00
  WW-147_BC            OUTFALL      0.00     0.00   -10.70     0  00:00        0.00
  WW-232_OUTFALL       OUTFALL      0.00     0.00    -6.00     0  00:01        0.00
  WW-1002              STORAGE      1.88     3.00     8.30     0  00:00        1.01
  WW-1003              STORAGE      1.21     3.00     4.60     0  00:00        0.81
  WW-147               STORAGE      4.45    10.00    -0.70     0  00:00        4.01
  WW-220               STORAGE      4.47     4.82    -8.58     0  00:14        4.82
  WW-221               STORAGE      2.96     3.38    -2.22     0  00:14        3.38
  WW-222               STORAGE      3.00     3.00     8.00     0  00:00        3.00
  WW-223               STORAGE      2.70     2.70    -2.70     0  00:14        2.70
  WW-224               STORAGE      0.76     2.80    -1.50     0  00:00        0.61
  WW-225               STORAGE      5.50     5.50    -5.50     0  00:14        5.50
  WW-226               STORAGE      0.93     5.10     3.40     0  00:00        0.62
  WW-227               STORAGE      3.60     3.60     2.30     0  00:14        3.60
  WW-228               STORAGE      2.00     2.00     4.60     0  00:14        2.00
  WW-229               STORAGE      0.90     3.00    -3.80     0  00:00        0.44
  WW-230               STORAGE      5.59     5.75    -2.95     0  00:14        5.75
  WW-231               STORAGE      2.03     3.10    -3.90     0  00:00        1.95
  WW-232               STORAGE      3.76    10.00     5.00     0  00:00        3.26
  WW-242               STORAGE      4.50     4.50     3.50     0  00:14        4.50
  WW-243               STORAGE      3.11     3.51     4.81     0  00:14        3.51
  WW-246               STORAGE      0.82     3.70     2.00     0  00:00        0.28
  WW-247               STORAGE      2.00     2.02    -9.18     0  00:14        2.02
  WW-250               STORAGE      0.33     2.70     0.50     0  00:00        0.00
  WW-251               STORAGE      3.60     3.60    -2.90     0  00:14        3.60
  WW-258               STORAGE      1.60     3.00     8.40     0  00:00        0.00
  
  
  *******************
  Node Inflow Summary
  *******************
  
  -------------------------------------------------------------------------------------------------
                                  Maximum  Maximum                  Lateral       Total        Flow
                                  Lateral    Total  Time of Max      Inflow      Inflow     Balance
                                   Inflow   Inflow   Occurrence      Volume      Volume       Error
  Node                 Type           GPM      GPM  days hr:min    10^6 gal    10^6 gal     Percent
  -------------------------------------------------------------------------------------------------
  J-1002-OUT           JUNCTION      0.00   101.85     0  00:00           0    0.000717      -9.400
  J-1003-OUT           JUNCTION      0.00   429.87     0  00:01           0    0.000481       6.632
  J-147-OUT            JUNCTION      0.00  2576.72     0  00:00           0    0.000876     -34.750
  J-220-OUT            JUNCTION      0.00     0.04     0  00:00           0    4.96e-09      -0.009 gal
  J-221-OUT            JUNCTION      0.00     0.04     0  00:01           0    5.19e-08       0.051 gal
  J-222-OUT            JUNCTION      0.00     0.04     0  00:00           0    1.21e-09      -0.009 gal
  J-223-OUT            JUNCTION      0.00     0.04     0  00:00           0    1.75e-09      -0.009 gal
  J-224-OUT            JUNCTION      0.00   517.62     0  00:00           0    0.000551      -7.758
  J-225-OUT            JUNCTION      0.00     0.04     0  00:00           0    1.21e-09      -0.023 gal
  J-226-OUT            JUNCTION      0.00  7600.97     0  00:00           0     0.00352     -17.229
  J-227-OUT            JUNCTION      0.00     0.04     0  00:00           0    2.02e-08       0.001 gal
  J-228-OUT            JUNCTION      0.00     0.45     0  00:02           0     1.2e-08       0.004 gal
  J-229-OUT            JUNCTION      0.00  2604.51     0  00:00           0    0.000542     -16.683
  J-230-OUT            JUNCTION      0.00     0.37     0  00:14           0     1.3e-06       1.291 gal
  J-231-OUT            JUNCTION      0.00     0.04     0  00:00           0    2.54e-08      -0.004 gal
  J-232-OUT            JUNCTION      0.00 10187.70     0  00:02           0     0.00274     -20.265
  J-242-OUT            JUNCTION      0.00     0.45     0  00:02           0    8.45e-09      -0.004 gal
  J-243-OUT            JUNCTION      0.00     0.04     0  00:00           0     1.4e-09      -0.010 gal
  J-246-OUT            JUNCTION      0.00  1970.56     0  00:00           0    0.000763      -8.276
  J-247-OUT            JUNCTION      0.00     0.22     0  00:01           0    1.27e-08      -0.417 gal
  J-250-OUT            JUNCTION      0.00   589.06     0  00:00           0    0.000284       3.161
  J-251-OUT            JUNCTION      0.00     0.45     0  00:06           0    2.17e-08       0.017 gal
  J-258-OUT            JUNCTION      0.00    30.84     0  00:00           0    0.000285       0.343
  JN_824_1             JUNCTION      0.00  9838.60     0  00:00           0     0.00149      81.111
  JN_824_10            JUNCTION      0.00  1371.43     0  00:01           0    0.000755     249.090
  JN_824_2             JUNCTION      0.00     0.45     0  00:01           0    2.75e-08      -0.007 gal
  JN_824_20            JUNCTION      0.00     0.45     0  00:01           0    3.25e-08       0.023 gal
  JN_824_21            JUNCTION      0.00   790.03     0  00:00           0     0.00123      19.691
  JN_824_22            JUNCTION      0.00   559.59     0  00:01           0     0.00161      59.064
  JN_824_25            JUNCTION      0.00    75.58     0  00:09           0    0.000779      46.491
  JN_824_26            JUNCTION      0.00     0.11     0  00:01           0    3.03e-08       0.009 gal
  JN_824_8             JUNCTION      0.00   765.88     0  00:00           0    0.000296     274.074
  JN_825_10            JUNCTION      0.00    19.79     0  00:14           0    0.000128     127.951 gal
  JN_825_6             JUNCTION      0.00   296.04     0  00:01           0    0.000472      14.413
  JN_825_7             JUNCTION      0.00   861.11     0  00:02           0     0.00101      54.095
  JN_919_22            JUNCTION      0.00   103.45     0  00:01           0    0.000187     358.895
  JN_919_26            JUNCTION      0.00   448.02     0  00:01           0    0.000629     172.113
  JN_919_3             JUNCTION      0.00     0.09     0  00:00           0    1.35e-08      -0.010 gal
  JN_919_9             JUNCTION      0.00     0.50     0  00:08           0    5.28e-06       5.226 gal
  JN_920_1             JUNCTION      0.00     0.04     0  00:00           0    2.54e-08       0.010 gal
  JN_920_12            JUNCTION      0.00     1.13     0  00:03           0    1.24e-05      11.096 gal
  JN_920_23            JUNCTION      0.00     0.04     0  00:00           0    2.96e-08      -0.668 gal
  JN_929_19            JUNCTION      0.00   480.16     0  00:02           0    0.000477     184.916
  JN_929_40            JUNCTION      0.00     0.45     0  00:01           0    1.69e-08      -0.005 gal
  JN_929_43            JUNCTION      0.00 17680.66     0  00:02           0     0.00358       4.465
  JN_929_5             JUNCTION      0.00     0.45     0  00:02           0    3.29e-08       0.002 gal
  JN_930_16            JUNCTION      0.00     0.22     0  00:01           0    2.72e-08       0.021 gal
  JN_930_19            JUNCTION      0.00     0.09     0  00:00           0    1.77e-08       0.003 gal
  JN_930_24            JUNCTION      0.00   413.86     0  00:00           0     0.00162    1617.884 gal
  JN_930_28            JUNCTION      0.00     0.45     0  00:01           0    3.96e-06      -2.016 gal
  JN_930_38            JUNCTION      0.00 18886.20     0  00:00           0     0.00425      -3.064
  JX-6929              JUNCTION      0.00     0.09     0  00:01           0    2.11e-08       0.019 gal
  MH_813_1             JUNCTION      0.01     0.68     0  00:02     1.2e-07    1.87e-07       0.082 gal
  MH_813_2             JUNCTION      0.03     0.25     0  00:02    4.95e-07    6.11e-07       0.480 gal
  MH_813_3             JUNCTION      0.02     0.23     0  00:01    3.32e-07    4.57e-07       0.385 gal
  MH_824_1             JUNCTION      0.07     0.52     0  00:01    1.11e-06    1.14e-06       0.660 gal
  MH_824_10            JUNCTION      0.04     0.53     0  00:02     5.9e-07    7.96e-07       0.675 gal
  MH_824_100           JUNCTION      0.00     0.45     0  00:01           0    5.21e-07       0.365 gal
  MH_824_101           JUNCTION      0.00     0.46     0  00:01           0    6.81e-08       0.008 gal
  MH_824_102           JUNCTION      0.00     0.06     0  00:01           0    1.01e-07      -0.007 gal
  MH_824_103           JUNCTION      0.01     0.46     0  00:01    1.32e-07    1.41e-07      -0.023 gal
  MH_824_104           JUNCTION      0.00     0.46     0  00:02           0    2.04e-07       0.175 gal
  MH_824_105           JUNCTION      0.00     0.49     0  00:01           0    1.42e-08      -0.016 gal
  MH_824_106           JUNCTION      0.02     0.96     0  00:02    2.89e-07    3.45e-07       0.212 gal
  MH_824_107           JUNCTION      0.03     0.48     0  00:01    4.16e-07    4.41e-07       0.343 gal
  MH_824_108           JUNCTION      0.01     0.46     0  00:02    1.28e-07    3.14e-07       0.202 gal
  MH_824_109           JUNCTION      0.00     0.45     0  00:01           0    9.76e-09      -0.051 gal
  MH_824_11            JUNCTION      0.10     0.55     0  00:01    1.56e-06    1.57e-06       0.740 gal
  MH_824_110           JUNCTION      0.01     0.46     0  00:02    1.33e-07    2.85e-07       0.184 gal
  MH_824_111           JUNCTION      0.01     0.06     0  00:00    1.76e-07    1.76e-07       0.126 gal
  MH_824_112           JUNCTION      0.01     0.46     0  00:02    2.08e-07    2.26e-07       0.153 gal
  MH_824_113           JUNCTION      0.00     0.46     0  00:03           0    1.46e-07       0.098 gal
  MH_824_114           JUNCTION      0.07     0.52     0  00:01       1e-06    1.02e-06       0.740 gal
  MH_824_115           JUNCTION      0.00     0.45     0  00:01           0    1.42e-08      -0.071 gal
  MH_824_116           JUNCTION      0.06     0.14     0  00:00    8.27e-07    1.17e-06       0.833 gal
  MH_824_117           JUNCTION      0.01     0.46     0  00:01     1.1e-07     3.2e-07       0.244 gal
  MH_824_118           JUNCTION      0.06     0.51     0  00:01    8.49e-07    8.64e-07       0.673 gal
  MH_824_119           JUNCTION      0.06     0.52     0  00:01    8.98e-07     1.1e-06       0.728 gal
  MH_824_12            JUNCTION      0.02     0.23     0  00:01     2.9e-07    1.37e-06       0.977 gal
  MH_824_120           JUNCTION      0.00     0.45     0  00:01           0    8.39e-09      -0.001 gal
  MH_824_121           JUNCTION      0.04     0.49     0  00:02    6.27e-07    7.03e-07       0.377 gal
  MH_824_122           JUNCTION      0.03     0.49     0  00:02    5.18e-07    6.05e-07       0.481 gal
  MH_824_123           JUNCTION      0.01     0.23     0  00:02    1.34e-07    2.47e-07       0.173 gal
  MH_824_124           JUNCTION      0.02     0.06     0  00:00    2.52e-07    2.72e-07       0.083 gal
  MH_824_125           JUNCTION      0.00     0.45     0  00:01           0    1.43e-07       0.070 gal
  MH_824_126           JUNCTION      0.07     0.52     0  00:02    1.05e-06    1.71e-06       1.538 gal
  MH_824_127           JUNCTION      0.01     0.91     0  00:02     1.3e-07    2.47e-07       0.180 gal
  MH_824_128           JUNCTION      0.11     0.56     0  00:01    1.59e-06    1.92e-06       1.051 gal
  MH_824_129           JUNCTION      0.01     0.47     0  00:01    1.04e-07    1.97e-07       0.080 gal
  MH_824_13            JUNCTION      0.00     0.04     0  00:00           0    8.64e-08      -0.471 gal
  MH_824_130           JUNCTION      0.00     0.45     0  00:01           0    8.87e-09      -0.001 gal
  MH_824_131           JUNCTION      0.01     0.46     0  00:02    2.02e-07     2.2e-07       0.135 gal
  MH_824_132           JUNCTION      0.09     0.54     0  00:01     1.4e-06    1.99e-06       1.648 gal
  MH_824_133           JUNCTION      0.08     0.98     0  00:01    1.26e-06    1.68e-06       1.305 gal
  MH_824_134           JUNCTION      0.03     0.48     0  00:01    4.86e-07    5.15e-07       0.366 gal
  MH_824_135           JUNCTION      0.05     0.26     0  00:01    8.18e-07    8.28e-07       0.535 gal
  MH_824_136           JUNCTION      0.07     0.52     0  00:01    1.06e-06    1.38e-06       1.010 gal
  MH_824_137           JUNCTION      0.04     0.49     0  00:01    5.99e-07     7.7e-07       0.387 gal
  MH_824_138           JUNCTION      0.00     0.45     0  00:02           0    3.21e-08       0.001 gal
  MH_824_139           JUNCTION      0.03     0.48     0  00:01    5.15e-07    8.88e-07       0.635 gal
  MH_824_14            JUNCTION      0.07     0.52     0  00:01    1.03e-06    1.42e-06       0.955 gal
  MH_824_140           JUNCTION      0.06     0.27     0  00:14    8.56e-07    2.17e-06       1.865 gal
  MH_824_141           JUNCTION      0.08     0.53     0  00:01     1.2e-06    1.56e-06       1.097 gal
  MH_824_142           JUNCTION      0.07     0.97     0  00:01    1.02e-06     1.5e-06       1.046 gal
  MH_824_143           JUNCTION      0.00     0.45     0  00:00           0    6.22e-07       0.498 gal
  MH_824_144           JUNCTION      0.00     0.46     0  00:01           0    1.24e-07       0.043 gal
  MH_824_145           JUNCTION      0.01     0.91     0  00:02    1.81e-07    7.14e-07       0.371 gal
  MH_824_146           JUNCTION      0.07     0.52     0  00:01    1.06e-06    1.43e-06       0.888 gal
  MH_824_147           JUNCTION      0.01     0.11     0  00:14    1.83e-07    7.58e-07       0.511 gal
  MH_824_148           JUNCTION      0.01     0.47     0  00:01    1.38e-07    2.43e-07      -0.445 gal
  MH_824_149           JUNCTION      0.09     0.55     0  00:01    1.37e-06    1.62e-06       1.321 gal
  MH_824_15            JUNCTION      0.04     0.49     0  00:01     5.5e-07    1.12e-06       0.970 gal
  MH_824_150           JUNCTION      0.08     0.53     0  00:01    1.17e-06    1.18e-06       0.571 gal
  MH_824_151           JUNCTION      0.06     0.52     0  00:01    9.45e-07    1.26e-06       0.661 gal
  MH_824_152           JUNCTION      0.00     0.15     0  00:02           0    2.97e-07       0.237 gal
  MH_824_153           JUNCTION      0.25     0.31     0  00:14    3.74e-06       4e-06     -96.310
  MH_824_154           JUNCTION      0.06     0.51     0  00:01    8.61e-07    8.69e-07       0.388 gal
  MH_824_155           JUNCTION      0.02     0.48     0  00:02    3.72e-07    6.17e-07       0.471 gal
  MH_824_156           JUNCTION      0.03     0.48     0  00:02    4.29e-07    9.71e-07       0.728 gal
  MH_824_157           JUNCTION      0.04     0.49     0  00:02    5.77e-07    8.24e-07       0.642 gal
  MH_824_158           JUNCTION      0.03     0.48     0  00:01    4.68e-07    7.78e-07       0.623 gal
  MH_824_159           JUNCTION      0.10     0.55     0  00:01    1.48e-06    1.49e-06       0.915 gal
  MH_824_16            JUNCTION      0.04     0.49     0  00:02    5.36e-07    6.42e-07       0.460 gal
  MH_824_160           JUNCTION      0.00     0.46     0  00:01           0    3.91e-08      -0.154 gal
  MH_824_161           JUNCTION      0.02     0.47     0  00:01    2.44e-07    3.59e-07       0.227 gal
  MH_824_162           JUNCTION      0.03     1.38     0  00:02    4.68e-07    7.06e-07       0.568 gal
  MH_824_163           JUNCTION      0.03     0.69     0  00:01    4.15e-07    5.51e-07       0.454 gal
  MH_824_164           JUNCTION      0.01     0.45     0  00:02    8.34e-08    1.05e-07       0.007 gal
  MH_824_17            JUNCTION      0.05     0.50     0  00:02    7.76e-07    1.26e-06       0.913 gal
  MH_824_18            JUNCTION      0.05     0.50     0  00:02    7.01e-07    7.16e-07       0.338 gal
  MH_824_19            JUNCTION      0.00   104.76     0  00:01           0    9.24e-05      32.037
  MH_824_2             JUNCTION      0.03     0.48     0  00:02    4.13e-07    9.09e-07       0.567 gal
  MH_824_20            JUNCTION      0.00     0.45     0  00:01           0    3.25e-07       0.212 gal
  MH_824_21            JUNCTION      0.01     0.46     0  00:02    1.99e-07    2.19e-07       0.188 gal
  MH_824_22            JUNCTION      0.01     0.46     0  00:02    1.82e-07    2.31e-07       0.149 gal
  MH_824_23            JUNCTION      0.01     0.56     0  00:02     1.3e-07    1.98e-07       0.130 gal
  MH_824_24            JUNCTION      0.01     0.46     0  00:02    1.26e-07    1.45e-07       0.096 gal
  MH_824_25            JUNCTION      0.01  1531.27     0  00:00    1.35e-07      0.0024      25.651
  MH_824_26            JUNCTION      0.01     0.05     0  00:00    1.39e-07     1.4e-07       0.094 gal
  MH_824_27            JUNCTION      0.00     0.23     0  00:01           0     4.8e-08       0.005 gal
  MH_824_28            JUNCTION      0.01     0.46     0  00:02    1.03e-07    1.46e-07       0.064 gal
  MH_824_29            JUNCTION      0.01     0.50     0  00:01    9.77e-08    1.78e-07       0.083 gal
  MH_824_3             JUNCTION      0.05     0.50     0  00:01    7.86e-07    1.13e-06       0.829 gal
  MH_824_30            JUNCTION      0.00     0.04     0  00:01           0    9.53e-08       0.006 gal
  MH_824_31            JUNCTION      0.02     0.23     0  00:02    2.96e-07    3.16e-07       0.287 gal
  MH_824_32            JUNCTION      0.00     0.46     0  00:01           0    5.68e-08       0.021 gal
  MH_824_33            JUNCTION      0.01     0.46     0  00:01    1.11e-07    1.69e-07       0.066 gal
  MH_824_34            JUNCTION      0.00     0.45     0  00:01           0    8.31e-08      -0.581 gal
  MH_824_35            JUNCTION      0.00     0.09     0  00:00           0    9.98e-08       0.038 gal
  MH_824_36            JUNCTION      0.00     0.46     0  00:01           0    5.33e-08      -0.005 gal
  MH_824_37            JUNCTION      0.00     0.47     0  00:02           0    1.35e-07       0.050 gal
  MH_824_38            JUNCTION      0.00     0.06     0  00:01           0    1.55e-07      -0.533 gal
  MH_824_39            JUNCTION      0.01     0.68     0  00:02    1.88e-07    2.46e-07       0.217 gal
  MH_824_4             JUNCTION      0.09     0.54     0  00:01    1.35e-06    1.36e-06       0.524 gal
  MH_824_40            JUNCTION      0.01     0.10     0  00:00    1.98e-07    2.75e-07       0.166 gal
  MH_824_41            JUNCTION      0.01     0.45     0  00:01    8.49e-08    9.17e-08       0.053 gal
  MH_824_42            JUNCTION      0.01     0.45     0  00:01     8.6e-08    9.06e-08       0.066 gal
  MH_824_43            JUNCTION      0.00     0.45     0  00:01           0    1.32e-08      -0.027 gal
  MH_824_44            JUNCTION      0.00     0.46     0  00:02           0     8.8e-08       0.028 gal
  MH_824_45            JUNCTION      0.00     0.45     0  00:01           0    1.43e-07       0.075 gal
  MH_824_46            JUNCTION      0.02     0.06     0  00:00    2.36e-07    2.78e-07       0.184 gal
  MH_824_47            JUNCTION      0.00     0.45     0  00:02           0    7.01e-08       0.013 gal
  MH_824_48            JUNCTION      0.01     0.06     0  00:00     2.2e-07    2.36e-07       0.135 gal
  MH_824_49            JUNCTION      0.02     0.47     0  00:02     3.4e-07    3.93e-07       0.299 gal
  MH_824_5             JUNCTION      0.03     0.49     0  00:02       5e-07    1.37e-06       1.034 gal
  MH_824_50            JUNCTION      0.00     0.91     0  00:01           0    1.02e-07       0.015 gal
  MH_824_51            JUNCTION      0.00     0.45     0  00:01           0     1.1e-07      -0.100 gal
  MH_824_52            JUNCTION      0.00     0.45     0  00:01           0    1.23e-08      -0.002 gal
  MH_824_53            JUNCTION      0.00     0.45     0  00:01    6.81e-08    1.06e-07       0.057 gal
  MH_824_54            JUNCTION      0.00     0.24     0  00:02           0    3.07e-08       0.000 gal
  MH_824_55            JUNCTION      0.00     0.49     0  00:01           0    9.68e-08       0.014 gal
  MH_824_56            JUNCTION      0.00     0.45     0  00:02           0    1.01e-08       0.001 gal
  MH_824_57            JUNCTION      0.01     0.05     0  00:00    7.93e-08    9.04e-08       0.056 gal
  MH_824_58            JUNCTION      0.01     0.46     0  00:01    1.36e-07    1.44e-07       0.076 gal
  MH_824_59            JUNCTION      0.01     0.50     0  00:01    1.14e-07    1.85e-07       0.082 gal
  MH_824_6             JUNCTION      0.04     0.48     0  00:02    5.41e-07    1.02e-06       0.862 gal
  MH_824_60            JUNCTION      0.01     0.05     0  00:00    1.34e-07    1.68e-07       0.080 gal
  MH_824_61            JUNCTION      0.03     0.93     0  00:02    4.51e-07    6.04e-07       0.557 gal
  MH_824_62            JUNCTION      0.14     0.59     0  00:01    2.14e-06    2.29e-06       1.464 gal
  MH_824_63            JUNCTION      0.08    11.11     0  00:00    1.22e-06     3.3e-06       1.264 gal
  MH_824_64            JUNCTION      0.01     0.47     0  00:02    1.54e-07    2.38e-07       0.154 gal
  MH_824_65            JUNCTION      0.00     0.45     0  00:01           0    8.61e-09      -0.003 gal
  MH_824_66            JUNCTION      0.00     0.45     0  00:01           0    2.88e-08      -0.148 gal
  MH_824_67            JUNCTION      0.18     0.63     0  00:01    2.66e-06    3.68e-06       3.105 gal
  MH_824_68            JUNCTION      0.00     0.45     0  00:01           0    1.92e-08      -0.132 gal
  MH_824_69            JUNCTION      0.00     0.04     0  00:00           0    8.93e-09      -0.120 gal
  MH_824_7             JUNCTION      0.04     0.49     0  00:02    5.93e-07     9.3e-07       0.722 gal
  MH_824_70            JUNCTION      0.15     0.61     0  00:01    2.21e-06    2.55e-06       2.375 gal
  MH_824_71            JUNCTION      0.02     0.06     0  00:00    2.97e-07    2.97e-07       0.116 gal
  MH_824_72            JUNCTION      0.03     0.48     0  00:01    4.67e-07    5.54e-07       0.419 gal
  MH_824_73            JUNCTION      0.01     0.46     0  00:02    1.15e-07    1.42e-07       0.083 gal
  MH_824_74            JUNCTION      0.02     0.07     0  00:00    3.53e-07    3.56e-07       0.257 gal
  MH_824_75            JUNCTION      0.01     0.47     0  00:01     1.2e-07    2.92e-07      -0.388 gal
  MH_824_76            JUNCTION      0.01     0.46     0  00:01    9.65e-08    1.73e-07       0.094 gal
  MH_824_77            JUNCTION      0.03     0.93     0  00:01    5.18e-07    6.11e-07       0.504 gal
  MH_824_78            JUNCTION      0.01     0.46     0  00:01    8.23e-08    1.59e-07       0.110 gal
  MH_824_79            JUNCTION      0.02     0.06     0  00:00    2.36e-07    2.36e-07       0.172 gal
  MH_824_8             JUNCTION      0.03     0.24     0  00:01    4.12e-07    5.46e-07       0.451 gal
  MH_824_80            JUNCTION      0.01     0.46     0  00:01    2.05e-07    3.77e-07       0.271 gal
  MH_824_81            JUNCTION      0.00     0.23     0  00:01    7.11e-08    7.81e-08       0.052 gal
  MH_824_82            JUNCTION      0.01     0.45     0  00:01    9.24e-08    1.87e-07       0.099 gal
  MH_824_83            JUNCTION      0.01     0.46     0  00:02    7.82e-08    1.88e-07       0.082 gal
  MH_824_84            JUNCTION      0.00     0.46     0  00:01           0    1.48e-07       0.019 gal
  MH_824_85            JUNCTION      0.01     0.69     0  00:02    9.86e-08    1.79e-07       0.132 gal
  MH_824_86            JUNCTION      0.00     0.90     0  00:02           0    9.07e-08       0.037 gal
  MH_824_87            JUNCTION      0.00     0.45     0  00:02           0    6.22e-08       0.023 gal
  MH_824_88            JUNCTION      0.01     0.69     0  00:01    7.68e-08    2.61e-07       0.109 gal
  MH_824_89            JUNCTION      0.00     0.45     0  00:01           0    9.35e-08      -0.580 gal
  MH_824_9             JUNCTION      0.04     0.26     0  00:02    6.32e-07    6.48e-07       0.400 gal
  MH_824_90            JUNCTION      0.01     0.46     0  00:01    1.09e-07    1.36e-07       0.049 gal
  MH_824_91            JUNCTION      0.01     0.46     0  00:01    1.53e-07    1.62e-07       0.079 gal
  MH_824_92            JUNCTION      0.01     0.46     0  00:02    1.88e-07    2.06e-07       0.153 gal
  MH_824_93            JUNCTION      0.02     0.92     0  00:02     3.6e-07    4.62e-07       0.344 gal
  MH_824_94            JUNCTION      0.01     0.46     0  00:02    1.04e-07    2.34e-07       0.162 gal
  MH_824_95            JUNCTION      0.01     0.46     0  00:01    1.79e-07    3.85e-07       0.339 gal
  MH_824_96            JUNCTION      0.05     0.50     0  00:02    8.17e-07    8.28e-07       0.751 gal
  MH_824_97            JUNCTION      0.01     0.50     0  00:01     1.4e-07    2.18e-07       0.121 gal
  MH_824_98            JUNCTION      0.01     0.05     0  00:00    8.61e-08    1.38e-07       0.050 gal
  MH_824_99            JUNCTION      0.06     0.73     0  00:01    9.37e-07    1.12e-06       0.643 gal
  MH_825_10            JUNCTION      0.04     0.49     0  00:01    5.35e-07    6.36e-07       0.254 gal
  MH_825_11            JUNCTION      0.02     0.50     0  00:02    3.46e-07    7.54e-07      -1.458 gal
  MH_825_12            JUNCTION      0.01     0.46     0  00:01    1.29e-07    3.45e-07       0.262 gal
  MH_825_13            JUNCTION      0.08     0.53     0  00:01     1.2e-06    1.54e-06       1.315 gal
  MH_825_14            JUNCTION      0.04     0.48     0  00:01     5.4e-07    5.73e-07       0.258 gal
  MH_825_2             JUNCTION      0.00   318.28     0  00:00           0     0.00044       5.273
  MH_825_3             JUNCTION      0.02  1972.69     0  00:00    3.23e-07     0.00269      25.080
  MH_825_4             JUNCTION      0.00   389.58     0  00:01           0     0.00077      54.626
  MH_825_5             JUNCTION      0.04  1859.47     0  00:00    5.66e-07    0.000536     311.425
  MH_825_6             JUNCTION      0.06     0.10     0  00:00    8.29e-07    8.33e-07       0.497 gal
  MH_825_7             JUNCTION      0.01   171.47     0  00:00    1.88e-07    4.07e-05       8.942
  MH_825_8             JUNCTION      0.04     0.26     0  00:01    5.33e-07    6.25e-07       0.280 gal
  MH_825_9             JUNCTION      0.02     0.47     0  00:01    3.39e-07    7.23e-07       0.595 gal
  MH_919_1             JUNCTION      0.01     0.67     0  00:02    1.12e-07    4.35e-07       0.271 gal
  MH_919_10            JUNCTION      0.00     0.46     0  00:01           0    3.13e-07      -0.259 gal
  MH_919_100           JUNCTION      0.08     0.53     0  00:01    1.19e-06     1.2e-06       0.784 gal
  MH_919_101           JUNCTION      0.08     0.53     0  00:01    1.15e-06    1.67e-06       1.198 gal
  MH_919_102           JUNCTION      0.06     0.51     0  00:01    9.43e-07    1.33e-06       0.953 gal
  MH_919_103           JUNCTION      0.11     0.56     0  00:01    1.61e-06    1.99e-06       1.672 gal
  MH_919_104           JUNCTION      0.03     0.48     0  00:01    4.36e-07    4.67e-07       0.391 gal
  MH_919_105           JUNCTION      0.13     0.18     0  00:00       2e-06    2.13e-06       1.390 gal
  MH_919_106           JUNCTION      0.07     0.52     0  00:01       1e-06    1.02e-06       0.659 gal
  MH_919_107           JUNCTION      0.07     0.52     0  00:01    1.01e-06    1.39e-06       1.001 gal
  MH_919_108           JUNCTION      0.03     0.48     0  00:02    4.84e-07    7.47e-07       0.540 gal
  MH_919_109           JUNCTION      0.00     0.45     0  00:01    6.95e-08    3.08e-07       0.174 gal
  MH_919_11            JUNCTION      0.10     0.99     0  00:01    1.43e-06    1.99e-06       1.557 gal
  MH_919_110           JUNCTION      0.04     0.94     0  00:01    6.45e-07    1.56e-06       1.190 gal
  MH_919_111           JUNCTION      0.05     0.55     0  00:01    7.52e-07    1.06e-06       0.971 gal
  MH_919_112           JUNCTION      0.10     0.76     0  00:01    1.45e-06    1.82e-06       1.481 gal
  MH_919_113           JUNCTION      0.04     0.49     0  00:02     5.7e-07    5.87e-07       0.424 gal
  MH_919_114           JUNCTION      0.07     0.52     0  00:01    1.06e-06    1.07e-06       0.751 gal
  MH_919_115           JUNCTION      0.05     0.50     0  00:02    7.96e-07     9.7e-07       0.806 gal
  MH_919_116           JUNCTION      0.06     0.51     0  00:02    8.67e-07    1.05e-06       0.805 gal
  MH_919_117           JUNCTION      0.06     0.51     0  00:01    8.83e-07    1.25e-06       1.195 gal
  MH_919_118           JUNCTION      0.06     0.51     0  00:01    9.08e-07    9.27e-07       0.505 gal
  MH_919_119           JUNCTION      0.05     0.50     0  00:01     8.2e-07    1.02e-06       0.855 gal
  MH_919_12            JUNCTION      0.10     0.55     0  00:01    1.48e-06    1.92e-06       1.334 gal
  MH_919_120           JUNCTION      0.01     0.47     0  00:01    1.97e-07    7.91e-07       0.565 gal
  MH_919_121           JUNCTION      0.04     0.49     0  00:02    5.83e-07    6.86e-07       0.589 gal
  MH_919_122           JUNCTION      0.02     0.47     0  00:02    3.06e-07    6.33e-07       0.543 gal
  MH_919_123           JUNCTION      0.06     0.73     0  00:01    9.66e-07     1.3e-06       0.930 gal
  MH_919_124           JUNCTION      0.04     0.49     0  00:02    6.02e-07    6.98e-07       0.612 gal
  MH_919_125           JUNCTION      0.03     0.24     0  00:01    4.45e-07     6.3e-07       0.540 gal
  MH_919_126           JUNCTION      0.08     0.53     0  00:01    1.16e-06    1.42e-06       1.236 gal
  MH_919_127           JUNCTION      0.02     0.92     0  00:02    3.39e-07    5.31e-07       0.243 gal
  MH_919_128           JUNCTION      0.09     0.55     0  00:01    1.41e-06    1.61e-06       1.324 gal
  MH_919_129           JUNCTION      0.06     0.52     0  00:01    8.89e-07    1.32e-06       1.208 gal
  MH_919_13            JUNCTION      0.11     0.57     0  00:01    1.71e-06    3.27e-06       2.917 gal
  MH_919_130           JUNCTION      0.09     0.54     0  00:01    1.29e-06    1.57e-06       1.368 gal
  MH_919_131           JUNCTION      0.02     0.47     0  00:01    3.68e-07    5.95e-07       0.300 gal
  MH_919_132           JUNCTION      0.02     0.43     0  00:02    3.39e-07    7.16e-07       0.602 gal
  MH_919_133           JUNCTION      0.04     0.25     0  00:02    6.48e-07    6.68e-07       0.484 gal
  MH_919_134           JUNCTION      0.04     0.49     0  00:02    6.47e-07    9.91e-07       0.845 gal
  MH_919_135           JUNCTION      0.04     0.49     0  00:02    5.96e-07    7.47e-07       0.596 gal
  MH_919_136           JUNCTION      0.08     0.53     0  00:01     1.2e-06    1.49e-06       1.198 gal
  MH_919_137           JUNCTION      0.03     0.48     0  00:02    4.12e-07    6.51e-07       0.532 gal
  MH_919_138           JUNCTION      0.05     0.51     0  00:01    8.21e-07    9.68e-07       0.754 gal
  MH_919_139           JUNCTION      0.06     0.51     0  00:01    9.34e-07    9.58e-07       0.660 gal
  MH_919_14            JUNCTION      0.11     0.56     0  00:01    1.62e-06    1.63e-06       0.786 gal
  MH_919_140           JUNCTION      0.02     0.47     0  00:01    3.73e-07    4.05e-07       0.314 gal
  MH_919_141           JUNCTION      0.01     0.46     0  00:01    9.63e-08    2.36e-07       0.158 gal
  MH_919_142           JUNCTION      0.09     0.54     0  00:01    1.32e-06    1.32e-06       0.716 gal
  MH_919_143           JUNCTION      0.09     0.98     0  00:01    1.29e-06    1.98e-06       1.804 gal
  MH_919_144           JUNCTION      0.07     0.52     0  00:01    1.07e-06    1.08e-06       0.595 gal
  MH_919_145           JUNCTION      0.08     0.53     0  00:01    1.22e-06    1.23e-06       0.730 gal
  MH_919_146           JUNCTION      0.02     0.47     0  00:01    3.19e-07    4.41e-07       0.275 gal
  MH_919_147           JUNCTION      0.06     0.51     0  00:01     8.8e-07    1.05e-06       0.888 gal
  MH_919_148           JUNCTION      0.06     0.56     0  00:01    9.56e-07    1.07e-06       0.786 gal
  MH_919_149           JUNCTION      0.04     0.49     0  00:01       6e-07    7.27e-07       0.607 gal
  MH_919_15            JUNCTION      0.09     0.54     0  00:01    1.41e-06    2.94e-06       2.381 gal
  MH_919_150           JUNCTION      0.10     1.00     0  00:01    1.55e-06    2.32e-06       2.098 gal
  MH_919_151           JUNCTION      0.06     0.51     0  00:01    9.47e-07    1.41e-06       1.124 gal
  MH_919_152           JUNCTION      0.02     0.47     0  00:02    3.13e-07    3.28e-07       0.181 gal
  MH_919_153           JUNCTION      0.04     0.49     0  00:02    5.53e-07    7.26e-07       0.524 gal
  MH_919_154           JUNCTION      0.00     0.45     0  00:01           0     1.1e-07       0.064 gal
  MH_919_155           JUNCTION      0.09     0.55     0  00:01    1.39e-06    1.59e-06       0.917 gal
  MH_919_156           JUNCTION      0.02     0.47     0  00:01    3.36e-07    3.67e-07       0.268 gal
  MH_919_157           JUNCTION      0.07     0.52     0  00:01     1.1e-06    1.61e-06       1.135 gal
  MH_919_158           JUNCTION      0.01     0.47     0  00:01    1.03e-07    1.69e-07       0.048 gal
  MH_919_159           JUNCTION      0.11     0.56     0  00:01    1.72e-06    2.35e-06       1.569 gal
  MH_919_16            JUNCTION      0.13     0.17     0  00:00    1.95e-06    1.95e-06       1.304 gal
  MH_919_160           JUNCTION      0.02     0.47     0  00:01    2.48e-07    4.65e-07       0.258 gal
  MH_919_161           JUNCTION      0.01     0.46     0  00:02    1.62e-07     1.8e-07       0.129 gal
  MH_919_162           JUNCTION      0.01     0.46     0  00:01    1.12e-07    2.15e-07      -0.018 gal
  MH_919_163           JUNCTION      0.03     0.48     0  00:01    4.93e-07    5.26e-07       0.374 gal
  MH_919_164           JUNCTION      0.11     0.56     0  00:01    1.66e-06    2.07e-06       1.736 gal
  MH_919_165           JUNCTION      0.07     0.53     0  00:01    1.11e-06    1.68e-06       1.548 gal
  MH_919_166           JUNCTION      0.08     0.53     0  00:01    1.21e-06    1.22e-06       0.821 gal
  MH_919_167           JUNCTION      0.03     0.48     0  00:01    4.47e-07    4.75e-07       0.340 gal
  MH_919_168           JUNCTION      0.05     0.50     0  00:01    6.99e-07    7.18e-07       0.470 gal
  MH_919_169           JUNCTION      0.06     0.72     0  00:01     8.9e-07    1.07e-06       0.753 gal
  MH_919_17            JUNCTION      0.06     0.96     0  00:01    9.38e-07    1.48e-06       0.964 gal
  MH_919_170           JUNCTION      0.02     0.24     0  00:02    2.94e-07    3.07e-07       0.265 gal
  MH_919_171           JUNCTION      0.07     0.52     0  00:01    1.03e-06    1.52e-06       1.063 gal
  MH_919_172           JUNCTION      0.04     0.48     0  00:01    5.38e-07    5.62e-07       0.468 gal
  MH_919_173           JUNCTION      0.04     0.50     0  00:01    6.47e-07    9.84e-07       0.725 gal
  MH_919_174           JUNCTION      0.03     0.48     0  00:01    4.31e-07    4.62e-07       0.328 gal
  MH_919_175           JUNCTION      0.06     0.51     0  00:01    8.76e-07    1.09e-06       0.888 gal
  MH_919_176           JUNCTION      0.00     0.46     0  00:02           0    1.46e-07       0.043 gal
  MH_919_177           JUNCTION      0.10     0.54     0  00:01    1.44e-06    1.87e-06       1.760 gal
  MH_919_178           JUNCTION      0.04     0.49     0  00:02    5.64e-07    6.67e-07       0.461 gal
  MH_919_179           JUNCTION      0.02     0.48     0  00:01    2.53e-07    6.94e-07       0.498 gal
  MH_919_18            JUNCTION      0.04     0.49     0  00:01    5.47e-07    2.18e-06       1.879 gal
  MH_919_180           JUNCTION      0.04     0.49     0  00:02    5.61e-07    8.63e-07       0.684 gal
  MH_919_181           JUNCTION      0.01     0.68     0  00:01    1.13e-07    4.88e-07       0.301 gal
  MH_919_182           JUNCTION      0.05     0.50     0  00:01    6.81e-07    9.72e-07       0.708 gal
  MH_919_183           JUNCTION      0.03     0.48     0  00:01    3.96e-07    4.35e-07       0.240 gal
  MH_919_184           JUNCTION      0.01     0.46     0  00:01    8.15e-08    9.91e-07       0.752 gal
  MH_919_185           JUNCTION      0.06     0.29     0  00:02    9.44e-07    1.15e-06       1.007 gal
  MH_919_186           JUNCTION      0.01     0.06     0  00:00    1.94e-07    1.94e-07       0.145 gal
  MH_919_187           JUNCTION      0.03     0.48     0  00:01    4.05e-07    7.27e-07       0.375 gal
  MH_919_188           JUNCTION      0.04     0.49     0  00:00    5.25e-07    1.01e-06       0.549 gal
  MH_919_189           JUNCTION      0.00     0.21     0  00:02           0    6.26e-08       0.001 gal
  MH_919_19            JUNCTION      0.03     0.48     0  00:02    4.86e-07    8.36e-07       0.587 gal
  MH_919_190           JUNCTION      0.03     3.70     0  00:00     3.8e-07    1.33e-06     -96.940
  MH_919_191           JUNCTION      0.01     0.06     0  00:00    1.73e-07    3.18e-07       0.215 gal
  MH_919_192           JUNCTION      0.03     0.73     0  00:02    3.87e-07    8.49e-07       0.682 gal
  MH_919_193           JUNCTION      0.03     0.48     0  00:01    4.22e-07     5.5e-07       0.376 gal
  MH_919_194           JUNCTION      0.03     0.48     0  00:01     4.9e-07    5.48e-07       0.448 gal
  MH_919_195           JUNCTION      0.03     0.48     0  00:01    4.39e-07    4.67e-07       0.324 gal
  MH_919_196           JUNCTION      0.09     0.53     0  00:01    1.28e-06    1.29e-06       0.482 gal
  MH_919_197           JUNCTION      0.08     0.53     0  00:01    1.13e-06    1.81e-06       1.587 gal
  MH_919_198           JUNCTION      0.05     0.26     0  00:01       8e-07     8.1e-07       0.344 gal
  MH_919_199           JUNCTION      0.09     0.54     0  00:01    1.32e-06    1.33e-06       0.907 gal
  MH_919_2             JUNCTION      0.00     3.99     0  00:02           0    4.67e-05      44.791 gal
  MH_919_20            JUNCTION      0.16     0.38     0  00:01    2.45e-06    2.45e-06       1.350 gal
  MH_919_200           JUNCTION      0.10     0.55     0  00:01    1.48e-06    1.91e-06       1.511 gal
  MH_919_201           JUNCTION      0.06     1.86     0  00:01     9.5e-07    3.27e-06       2.994 gal
  MH_919_202           JUNCTION      0.07     0.52     0  00:01    1.07e-06    1.89e-06       1.431 gal
  MH_919_203           JUNCTION      0.07     0.73     0  00:01    1.06e-06    1.24e-06       1.028 gal
  MH_919_204           JUNCTION      0.02     0.47     0  00:02     3.6e-07    6.51e-07       0.515 gal
  MH_919_205           JUNCTION      0.01     0.46     0  00:01     1.1e-07    6.46e-07       0.548 gal
  MH_919_206           JUNCTION      0.13     0.58     0  00:01    1.97e-06    1.98e-06       1.456 gal
  MH_919_207           JUNCTION      0.00     0.46     0  00:01           0     9.2e-08      -0.009 gal
  MH_919_208           JUNCTION      0.05     0.52     0  00:02    7.81e-07    8.78e-07       0.736 gal
  MH_919_209           JUNCTION      0.00     0.45     0  00:00           0    1.14e-07       0.043 gal
  MH_919_21            JUNCTION      0.08     0.60     0  00:01     1.2e-06    1.67e-06       1.202 gal
  MH_919_210           JUNCTION      0.03     0.69     0  00:01    3.92e-07    5.86e-07       0.443 gal
  MH_919_211           JUNCTION      0.00     0.45     0  00:02           0    4.95e-07       0.421 gal
  MH_919_212           JUNCTION      0.12     0.57     0  00:01    1.74e-06    2.28e-06       1.612 gal
  MH_919_213           JUNCTION      0.05     0.50     0  00:01    7.49e-07    8.83e-07       0.766 gal
  MH_919_214           JUNCTION      0.00     0.45     0  00:02           0    9.58e-08       0.013 gal
  MH_919_215           JUNCTION      0.15     0.60     0  00:01    2.29e-06    2.29e-06       1.189 gal
  MH_919_216           JUNCTION      0.08     0.18     0  00:02    1.19e-06     1.2e-06       0.739 gal
  MH_919_217           JUNCTION      0.08     0.53     0  00:01    1.26e-06    1.28e-06       0.762 gal
  MH_919_218           JUNCTION      0.03     0.07     0  00:00    4.16e-07    4.17e-07       0.175 gal
  MH_919_219           JUNCTION      0.11     0.33     0  00:01    1.61e-06    1.86e-06       1.468 gal
  MH_919_22            JUNCTION      0.08     0.53     0  00:01    1.17e-06    1.65e-06       1.315 gal
  MH_919_220           JUNCTION      0.02     0.51     0  00:01    3.12e-07    8.52e-07       0.707 gal
  MH_919_221           JUNCTION      0.02     0.47     0  00:01    2.99e-07    1.51e-06       1.432 gal
  MH_919_222           JUNCTION      0.04     0.50     0  00:02    6.37e-07    6.97e-07       0.610 gal
  MH_919_223           JUNCTION      0.08     0.53     0  00:01    1.21e-06    1.89e-06       0.903 gal
  MH_919_224           JUNCTION      0.09     0.54     0  00:01    1.36e-06    1.36e-06       0.706 gal
  MH_919_225           JUNCTION      0.08     0.53     0  00:01    1.23e-06    1.24e-06       0.615 gal
  MH_919_226           JUNCTION      0.00     0.45     0  00:01           0    1.38e-08      -0.022 gal
  MH_919_227           JUNCTION      0.13     0.58     0  00:01    1.97e-06    2.37e-06       2.220 gal
  MH_919_228           JUNCTION      0.00     0.50     0  00:01           0    1.26e-07      -0.020 gal
  MH_919_229           JUNCTION      0.01     0.47     0  00:01    1.43e-07     3.5e-07       0.212 gal
  MH_919_23            JUNCTION      0.01     0.46     0  00:01    9.28e-08    9.85e-08       0.061 gal
  MH_919_230           JUNCTION      0.02     0.47     0  00:01    3.72e-07    7.87e-07       0.603 gal
  MH_919_231           JUNCTION      0.02     0.47     0  00:01    3.34e-07     3.7e-07       0.313 gal
  MH_919_232           JUNCTION      0.00     0.67     0  00:01           0    9.01e-08      -0.066 gal
  MH_919_233           JUNCTION      0.09     0.98     0  00:01     1.3e-06    1.77e-06       1.374 gal
  MH_919_234           JUNCTION      0.12     0.57     0  00:01    1.79e-06    2.42e-06       1.960 gal
  MH_919_24            JUNCTION      0.06     0.11     0  00:01     8.9e-07    8.93e-07       0.434 gal
  MH_919_25            JUNCTION      0.06     0.50     0  00:01     8.3e-07    8.51e-07       0.511 gal
  MH_919_26            JUNCTION      0.12     0.16     0  00:00    1.75e-06    1.75e-06       0.864 gal
  MH_919_27            JUNCTION      0.02    52.80     0  00:14    2.61e-07     0.00021      82.176
  MH_919_28            JUNCTION      0.02     0.24     0  00:01    2.97e-07    6.17e-07       0.530 gal
  MH_919_29            JUNCTION      0.11     0.56     0  00:01    1.66e-06     3.5e-06       3.255 gal
  MH_919_3             JUNCTION      0.01     0.46     0  00:01    1.54e-07    2.08e-06       1.875 gal
  MH_919_30            JUNCTION      0.05     0.25     0  00:01    7.89e-07    1.53e-06       1.233 gal
  MH_919_31            JUNCTION      0.13     0.58     0  00:01    1.93e-06    2.19e-06       1.750 gal
  MH_919_32            JUNCTION      0.14     0.35     0  00:01    2.05e-06    2.05e-06       0.953 gal
  MH_919_33            JUNCTION      0.06     0.51     0  00:01    9.02e-07    9.09e-07       0.373 gal
  MH_919_34            JUNCTION      0.04     0.25     0  00:01    6.28e-07     6.5e-07       0.336 gal
  MH_919_35            JUNCTION      0.06     0.51     0  00:02    9.01e-07    1.37e-06      -2.706 gal
  MH_919_36            JUNCTION      0.04    54.95     0  00:14    5.26e-07     0.00012     425.969
  MH_919_37            JUNCTION      0.07     0.52     0  00:01       1e-06    1.02e-06       0.571 gal
  MH_919_38            JUNCTION      0.05     0.50     0  00:01     7.7e-07    1.11e-06       0.615 gal
  MH_919_39            JUNCTION      0.02     0.47     0  00:01    3.03e-07    3.94e-07       0.280 gal
  MH_919_4             JUNCTION      0.13     0.65     0  00:01     1.9e-06    2.08e-06       1.542 gal
  MH_919_40            JUNCTION      0.07     0.52     0  00:01    1.01e-06    1.03e-06       0.641 gal
  MH_919_41            JUNCTION      0.07     0.52     0  00:01    1.11e-06    1.12e-06       0.749 gal
  MH_919_42            JUNCTION      0.06     0.51     0  00:01    9.47e-07     1.5e-06       0.839 gal
  MH_919_43            JUNCTION      0.05     0.50     0  00:01    7.11e-07    9.48e-07       0.517 gal
  MH_919_44            JUNCTION      0.06     0.72     0  00:01    9.25e-07    1.36e-06       0.785 gal
  MH_919_45            JUNCTION      0.14     0.18     0  00:00     2.1e-06     2.1e-06       0.988 gal
  MH_919_46            JUNCTION      0.11     0.33     0  00:01    1.58e-06     2.7e-06       2.363 gal
  MH_919_47            JUNCTION      0.03     0.10     0  00:14    5.18e-07    8.59e-07       0.571 gal
  MH_919_48            JUNCTION      0.03    17.71     0  00:14    4.12e-07    2.44e-05      23.110 gal
  MH_919_49            JUNCTION      0.07     0.52     0  00:01    9.98e-07    1.31e-06       1.020 gal
  MH_919_5             JUNCTION      0.03     0.52     0  00:02    3.95e-07    7.45e-07       0.649 gal
  MH_919_50            JUNCTION      0.05     0.50     0  00:01    6.97e-07    1.69e-06       1.336 gal
  MH_919_51            JUNCTION      0.04     0.49     0  00:01    6.48e-07    1.14e-06       0.842 gal
  MH_919_52            JUNCTION      0.08     0.53     0  00:01    1.14e-06    1.45e-06       0.218 gal
  MH_919_53            JUNCTION      0.05     0.95     0  00:01    8.07e-07     1.1e-06       0.765 gal
  MH_919_54            JUNCTION      0.11     0.55     0  00:01    1.58e-06     1.6e-06       0.672 gal
  MH_919_55            JUNCTION      0.09     0.31     0  00:14    1.33e-06    2.82e-06       2.557 gal
  MH_919_56            JUNCTION      0.03     0.48     0  00:01    4.08e-07    5.07e-07       0.403 gal
  MH_919_57            JUNCTION      0.16     0.60     0  00:01    2.33e-06    2.54e-06     -98.588
  MH_919_58            JUNCTION      0.08     0.53     0  00:01     1.2e-06    1.51e-06       1.206 gal
  MH_919_59            JUNCTION      0.06     0.51     0  00:02    8.75e-07    1.26e-06       0.983 gal
  MH_919_6             JUNCTION      0.10     0.55     0  00:01    1.46e-06    1.99e-06       1.742 gal
  MH_919_60            JUNCTION      0.00     0.06     0  00:01           0    7.69e-08      -0.597 gal
  MH_919_61            JUNCTION      0.00     0.45     0  00:01           0    2.71e-07       0.191 gal
  MH_919_63            JUNCTION      0.03     0.48     0  00:01    4.47e-07    5.19e-07       0.147 gal
  MH_919_64            JUNCTION      0.01     1.63     0  00:14    1.71e-07    1.69e-06       1.483 gal
  MH_919_65            JUNCTION      0.06     0.51     0  00:02    8.55e-07     1.2e-06       0.876 gal
  MH_919_66            JUNCTION      0.09     0.54     0  00:01    1.31e-06    1.58e-06       1.255 gal
  MH_919_67            JUNCTION      0.09     0.54     0  00:01    1.36e-06     1.7e-06       1.483 gal
  MH_919_68            JUNCTION      0.07     0.52     0  00:01    1.02e-06    1.04e-06       0.570 gal
  MH_919_69            JUNCTION      0.08     0.53     0  00:01    1.14e-06    1.41e-06       1.119 gal
  MH_919_7             JUNCTION      0.01     0.46     0  00:02    1.82e-07    2.19e-07       0.083 gal
  MH_919_70            JUNCTION      0.08     0.54     0  00:01    1.24e-06    1.62e-06       1.074 gal
  MH_919_71            JUNCTION      0.03     0.48     0  00:01     4.8e-07    5.82e-07      -0.092 gal
  MH_919_72            JUNCTION      0.07     0.51     0  00:01    9.78e-07    1.29e-06       1.009 gal
  MH_919_73            JUNCTION      0.14     0.19     0  00:00    2.17e-06    2.42e-06       2.055 gal
  MH_919_74            JUNCTION      0.04     1.39     0  00:01    6.72e-07    1.94e-06       1.624 gal
  MH_919_75            JUNCTION      0.05     0.50     0  00:01    7.99e-07     1.4e-06       0.823 gal
  MH_919_76            JUNCTION      0.04     0.49     0  00:01    5.63e-07    8.63e-07       0.612 gal
  MH_919_77            JUNCTION      0.04     0.49     0  00:01    5.64e-07    1.28e-06       0.968 gal
  MH_919_78            JUNCTION      0.08     0.53     0  00:01    1.18e-06    2.16e-06       1.838 gal
  MH_919_79            JUNCTION      0.13     0.58     0  00:01    1.97e-06     2.9e-06       2.241 gal
  MH_919_8             JUNCTION      0.12     0.57     0  00:01    1.77e-06     1.9e-06       1.394 gal
  MH_919_80            JUNCTION      0.09     0.54     0  00:01    1.35e-06    1.36e-06       0.874 gal
  MH_919_81            JUNCTION      0.08     0.24     0  00:14    1.17e-06    2.04e-06       1.904 gal
  MH_919_82            JUNCTION      0.09     0.54     0  00:01     1.3e-06    1.72e-06       0.979 gal
  MH_919_83            JUNCTION      0.04     0.49     0  00:01    6.22e-07    9.39e-07       0.785 gal
  MH_919_84            JUNCTION      0.07     0.97     0  00:01    1.05e-06    1.46e-06       1.288 gal
  MH_919_85            JUNCTION      0.08     0.53     0  00:01    1.19e-06    1.45e-06       1.213 gal
  MH_919_86            JUNCTION      0.05     0.46     0  00:02    6.93e-07    8.96e-07       0.648 gal
  MH_919_87            JUNCTION      0.11     0.56     0  00:01    1.69e-06    1.72e-06       1.022 gal
  MH_919_88            JUNCTION      0.22     0.43     0  00:01    3.23e-06    3.95e-06       3.370 gal
  MH_919_89            JUNCTION      0.12     0.57     0  00:01    1.75e-06    2.11e-06       1.740 gal
  MH_919_9             JUNCTION      0.00    58.69     0  00:13           0    0.000405      93.273
  MH_919_90            JUNCTION      0.04     0.25     0  00:01    5.26e-07    5.44e-07       0.358 gal
  MH_919_91            JUNCTION      0.05     0.50     0  00:02    7.08e-07    7.25e-07       0.548 gal
  MH_919_92            JUNCTION      0.10     0.55     0  00:01    1.52e-06    1.85e-06       1.584 gal
  MH_919_93            JUNCTION      0.11     0.56     0  00:01    1.58e-06    1.95e-06       1.334 gal
  MH_919_94            JUNCTION      0.06     0.51     0  00:01    9.59e-07    9.67e-07       0.468 gal
  MH_919_95            JUNCTION      0.10     0.30     0  00:01    1.48e-06    1.97e-06       1.609 gal
  MH_919_96            JUNCTION      0.06     0.72     0  00:01     9.2e-07    1.03e-06       0.753 gal
  MH_919_97            JUNCTION      0.07     0.52     0  00:02    1.06e-06    1.32e-06       1.120 gal
  MH_919_98            JUNCTION      0.07     0.52     0  00:01    1.09e-06    1.27e-06       1.012 gal
  MH_919_99            JUNCTION      0.04     0.25     0  00:02    6.43e-07    6.65e-07       0.495 gal
  MH_920_1             JUNCTION      0.02     0.48     0  00:01    3.24e-07    4.65e-07      -0.223 gal
  MH_920_10            JUNCTION      0.05     0.53     0  00:01     7.4e-07    1.34e-06       1.187 gal
  MH_920_11            JUNCTION      0.08     0.53     0  00:01    1.27e-06    1.62e-06       1.134 gal
  MH_920_12            JUNCTION      0.11     0.55     0  00:01    1.57e-06    1.87e-06       1.534 gal
  MH_920_13            JUNCTION      0.10     0.55     0  00:01    1.46e-06    1.66e-06       1.331 gal
  MH_920_14            JUNCTION      0.03     0.48     0  00:01    4.64e-07    4.97e-07       0.311 gal
  MH_920_15            JUNCTION      0.06     0.51     0  00:01    9.08e-07    1.19e-06       1.081 gal
  MH_920_16            JUNCTION      0.06     0.51     0  00:02    8.86e-07    1.08e-06       0.855 gal
  MH_920_17            JUNCTION      0.07     0.52     0  00:01    1.02e-06    1.25e-06       1.041 gal
  MH_920_18            JUNCTION      0.07     0.52     0  00:01    1.03e-06    1.16e-06       0.913 gal
  MH_920_19            JUNCTION      0.02     0.47     0  00:01    2.58e-07    3.64e-07       0.228 gal
  MH_920_2             JUNCTION      0.03     0.47     0  00:01    3.89e-07    1.09e-06       0.927 gal
  MH_920_20            JUNCTION      0.03     0.48     0  00:01     4.1e-07    4.85e-07       0.403 gal
  MH_920_21            JUNCTION      0.01     0.46     0  00:01    1.56e-07    1.86e-07       0.118 gal
  MH_920_22            JUNCTION      0.09     0.99     0  00:01    1.36e-06    1.69e-06       1.519 gal
  MH_920_23            JUNCTION      0.09     0.54     0  00:01     1.4e-06    1.73e-06       1.418 gal
  MH_920_24            JUNCTION      0.03     0.48     0  00:01    4.43e-07    7.03e-07       0.554 gal
  MH_920_25            JUNCTION      0.06     0.51     0  00:01    9.71e-07     9.8e-07       0.660 gal
  MH_920_26            JUNCTION      0.08     0.53     0  00:01    1.21e-06    1.22e-06       0.752 gal
  MH_920_27            JUNCTION      0.09     0.54     0  00:01    1.37e-06    1.88e-06       1.404 gal
  MH_920_28            JUNCTION      0.16     0.61     0  00:00    2.44e-06    2.45e-06       1.453 gal
  MH_920_29            JUNCTION      0.04     0.70     0  00:01    6.68e-07    1.25e-06       1.061 gal
  MH_920_3             JUNCTION      0.10     0.76     0  00:01    1.43e-06    1.88e-06       1.246 gal
  MH_920_30            JUNCTION      0.09     0.54     0  00:01    1.34e-06    2.37e-06       1.978 gal
  MH_920_31            JUNCTION      0.10     0.54     0  00:01    1.44e-06    1.45e-06       0.744 gal
  MH_920_32            JUNCTION      0.09     0.54     0  00:01    1.31e-06     1.6e-06       1.305 gal
  MH_920_33            JUNCTION      0.06     0.72     0  00:02    8.55e-07    1.27e-06       1.111 gal
  MH_920_34            JUNCTION      0.05     0.50     0  00:01    8.02e-07     1.2e-06       0.915 gal
  MH_920_35            JUNCTION      0.00     0.45     0  00:01           0    1.94e-08      -0.174 gal
  MH_920_36            JUNCTION      0.11     0.58     0  00:01     1.6e-06     1.8e-06       1.432 gal
  MH_920_37            JUNCTION      0.02     0.47     0  00:02    3.15e-07    1.04e-06       0.629 gal
  MH_920_38            JUNCTION      0.04     0.49     0  00:02    5.66e-07     9.3e-07       0.739 gal
  MH_920_39            JUNCTION      0.02     0.68     0  00:01    2.47e-07    5.53e-07       0.395 gal
  MH_920_4             JUNCTION      0.11     0.56     0  00:01    1.71e-06    2.19e-06       1.767 gal
  MH_920_40            JUNCTION      0.08     0.54     0  00:02    1.21e-06    1.76e-06       1.623 gal
  MH_920_41            JUNCTION      0.08     0.98     0  00:01    1.27e-06    1.61e-06       1.302 gal
  MH_920_42            JUNCTION      0.08     0.21     0  00:14    1.22e-06    2.01e-06       1.392 gal
  MH_920_43            JUNCTION      0.07     0.97     0  00:01    1.12e-06    1.48e-06       0.982 gal
  MH_920_44            JUNCTION      0.14     0.23     0  00:14    2.03e-06    2.63e-06       1.771 gal
  MH_920_45            JUNCTION      0.12     0.57     0  00:01    1.73e-06     2.6e-06       1.100 gal
  MH_920_46            JUNCTION      0.01     0.21     0  00:01    1.14e-07    2.83e-07       0.153 gal
  MH_920_47            JUNCTION      0.01     0.46     0  00:01    2.07e-07    4.34e-07       0.332 gal
  MH_920_48            JUNCTION      0.03     0.24     0  00:01    3.91e-07     6.2e-07       0.456 gal
  MH_920_49            JUNCTION      0.08     0.35     0  00:01    1.21e-06    2.85e-06       2.687 gal
  MH_920_5             JUNCTION      0.14     0.19     0  00:00    2.11e-06     2.3e-06       1.822 gal
  MH_920_50            JUNCTION      0.00     0.83     0  00:00           0    1.16e-07      -0.563 gal
  MH_920_51            JUNCTION      0.00   369.81     0  00:00           0    0.000651      -0.004
  MH_920_52            JUNCTION      0.04     0.49     0  00:01    6.56e-07    6.82e-07       0.473 gal
  MH_920_53            JUNCTION      0.03     0.48     0  00:01    4.54e-07    5.94e-07      -0.070 gal
  MH_920_54            JUNCTION      0.12   307.64     0  00:01    1.78e-06    0.000652     -16.412
  MH_920_55            JUNCTION      0.05   271.83     0  00:02    7.17e-07    0.000878     359.709
  MH_920_57            JUNCTION      0.05     0.26     0  00:01    7.83e-07    8.05e-07       0.561 gal
  MH_920_58            JUNCTION      0.06     0.50     0  00:01    8.26e-07    8.43e-07       0.476 gal
  MH_920_59            JUNCTION      0.05     0.50     0  00:01    7.18e-07    1.12e-06       0.876 gal
  MH_920_6             JUNCTION      0.02     0.07     0  00:00    3.45e-07    3.45e-07       0.152 gal
  MH_920_60            JUNCTION      0.02     0.67     0  00:02    2.25e-07    4.63e-07       0.388 gal
  MH_920_61            JUNCTION      0.01     0.06     0  00:00    2.08e-07    2.52e-07       0.142 gal
  MH_920_62            JUNCTION      0.07   590.74     0  00:00     1.1e-06     0.00105      30.661
  MH_920_63            JUNCTION      0.03     0.48     0  00:01    4.41e-07    5.28e-07      -0.142 gal
  MH_920_64            JUNCTION      0.06     0.32     0  00:01    9.72e-07     1.1e-06       0.988 gal
  MH_920_65            JUNCTION      0.03     0.48     0  00:02    4.35e-07    6.47e-07       0.508 gal
  MH_920_66            JUNCTION      0.06     0.52     0  00:01    9.71e-07    1.01e-06       0.780 gal
  MH_920_7             JUNCTION      0.13     0.57     0  00:01    1.88e-06    1.88e-06       1.616 gal
  MH_920_8             JUNCTION      0.02     0.47     0  00:02    2.53e-07    2.76e-07       0.231 gal
  MH_920_9             JUNCTION      0.01     0.46     0  00:01    1.55e-07    2.92e-07       0.189 gal
  MH_928_105           JUNCTION      0.01     0.46     0  00:01    1.32e-07    3.78e-07       0.289 gal
  MH_928_107           JUNCTION      0.25     0.70     0  00:00    3.77e-06    3.77e-06       0.898 gal
  MH_928_118           JUNCTION      0.05     0.50     0  00:01    7.07e-07    7.32e-07       0.508 gal
  MH_928_13            JUNCTION      0.08     0.64     0  00:01    1.17e-06    2.67e-06       2.220 gal
  MH_928_18            JUNCTION      0.04     0.49     0  00:01    5.97e-07    7.55e-07       0.688 gal
  MH_928_27            JUNCTION      0.13     0.35     0  00:01    1.96e-06    1.96e-06       0.551 gal
  MH_928_28            JUNCTION      0.00     0.45     0  00:01           0     1.2e-08      -0.067 gal
  MH_928_36            JUNCTION      0.17     0.21     0  00:00     2.5e-06     2.5e-06       0.788 gal
  MH_928_43            JUNCTION      0.19     0.64     0  00:00    2.86e-06    4.58e-06       3.530 gal
  MH_928_47            JUNCTION      0.07     0.52     0  00:01    1.06e-06    1.08e-06       0.704 gal
  MH_928_49            JUNCTION      0.01     0.05     0  00:00    1.21e-07    1.27e-07       0.075 gal
  MH_928_50            JUNCTION      0.07     0.52     0  00:02    1.05e-06    1.35e-06       1.193 gal
  MH_928_53            JUNCTION      0.00     0.45     0  00:01           0    6.64e-08       0.000 gal
  MH_928_58            JUNCTION      0.04     0.49     0  00:01     6.2e-07    1.01e-06       0.825 gal
  MH_928_6             JUNCTION      0.02     0.46     0  00:01    2.34e-07    7.06e-07       0.614 gal
  MH_928_65            JUNCTION      0.12     0.57     0  00:01    1.79e-06    3.51e-06       3.323 gal
  MH_928_66            JUNCTION      0.07     0.52     0  00:01    1.09e-06     1.1e-06       0.441 gal
  MH_928_67            JUNCTION      0.09     0.54     0  00:01     1.3e-06    1.56e-06       1.275 gal
  MH_928_69            JUNCTION      0.04     0.49     0  00:02    5.58e-07    6.52e-07       0.498 gal
  MH_928_76            JUNCTION      0.02     0.68     0  00:01    3.62e-07    7.07e-07       0.580 gal
  MH_928_81            JUNCTION      0.00     0.45     0  00:01           0    3.98e-07       0.168 gal
  MH_928_86            JUNCTION      0.44     0.48     0  00:00    6.57e-06    6.57e-06       3.602 gal
  MH_928_87            JUNCTION      0.10     0.55     0  00:01    1.46e-06    1.66e-06       1.411 gal
  MH_928_88            JUNCTION      0.13     0.59     0  00:01    1.88e-06    4.88e-06       3.638 gal
  MH_928_89            JUNCTION      0.01     0.66     0  00:01    8.34e-08    4.49e-07       0.341 gal
  MH_928_90            JUNCTION      0.01     0.46     0  00:01    1.99e-07    2.88e-07       0.146 gal
  MH_928_91            JUNCTION      0.04     0.94     0  00:01    6.72e-07    3.88e-06       3.620 gal
  MH_928_92            JUNCTION      0.09     0.55     0  00:01    1.39e-06    1.56e-06       1.281 gal
  MH_928_98            JUNCTION      0.09     0.55     0  00:01    1.31e-06    4.21e-06       2.266 gal
  MH_929_1             JUNCTION      0.02     0.47     0  00:01    3.29e-07    5.04e-07       0.320 gal
  MH_929_10            JUNCTION      0.00     0.47     0  00:01           0    3.73e-07       0.199 gal
  MH_929_100           JUNCTION      0.12     0.57     0  00:01    1.81e-06    1.94e-06       1.354 gal
  MH_929_101           JUNCTION      0.15     0.23     0  00:14    2.24e-06    2.82e-06       2.152 gal
  MH_929_102           JUNCTION      0.14     0.59     0  00:01    2.11e-06    2.79e-06       2.636 gal
  MH_929_103           JUNCTION      0.06     1.41     0  00:01    9.12e-07    1.56e-06       1.320 gal
  MH_929_104           JUNCTION      0.07     0.52     0  00:01    1.05e-06    1.67e-06       1.449 gal
  MH_929_105           JUNCTION      0.04     0.49     0  00:02    5.58e-07    6.73e-07       0.537 gal
  MH_929_106           JUNCTION      0.01     0.46     0  00:01    1.32e-07    4.06e-07       0.257 gal
  MH_929_107           JUNCTION      0.02     0.69     0  00:01    3.55e-07    6.87e-07       0.546 gal
  MH_929_108           JUNCTION      0.06     0.51     0  00:01    9.11e-07    1.25e-06       0.910 gal
  MH_929_109           JUNCTION      0.10     0.56     0  00:01    1.57e-06    1.95e-06       1.826 gal
  MH_929_11            JUNCTION      0.02     0.50     0  00:02    2.38e-07    3.32e-07       0.221 gal
  MH_929_110           JUNCTION      0.07     0.52     0  00:01     1.1e-06    1.24e-06       0.962 gal
  MH_929_111           JUNCTION      0.05     0.50     0  00:01    7.11e-07     1.3e-06       1.012 gal
  MH_929_112           JUNCTION      0.08     0.53     0  00:01    1.17e-06    1.41e-06       1.194 gal
  MH_929_114           JUNCTION      0.04     0.50     0  00:01    6.44e-07    9.39e-07       0.626 gal
  MH_929_115           JUNCTION      0.10     0.55     0  00:01    1.52e-06     2.1e-06       1.631 gal
  MH_929_116           JUNCTION      0.08     0.53     0  00:01    1.25e-06    1.75e-06       1.328 gal
  MH_929_118           JUNCTION      0.03     0.48     0  00:01    5.17e-07    5.21e-07       0.250 gal
  MH_929_119           JUNCTION      0.07     0.52     0  00:01     1.1e-06    1.23e-06       0.993 gal
  MH_929_12            JUNCTION      0.05     0.54     0  00:01    7.24e-07    1.16e-06       0.958 gal
  MH_929_120           JUNCTION      0.04     0.71     0  00:02    5.98e-07    7.38e-07       0.623 gal
  MH_929_121           JUNCTION      0.01     0.06     0  00:00    1.64e-07    1.64e-07       0.081 gal
  MH_929_122           JUNCTION      0.03     0.70     0  00:02    4.91e-07    6.15e-07       0.467 gal
  MH_929_123           JUNCTION      0.00     0.45     0  00:01           0    1.38e-08      -0.024 gal
  MH_929_124           JUNCTION      0.10     0.55     0  00:01    1.54e-06    2.07e-06       1.606 gal
  MH_929_125           JUNCTION      0.13     0.20     0  00:14    1.98e-06    2.36e-06       1.795 gal
  MH_929_126           JUNCTION      0.00     0.45     0  00:01           0    1.04e-08      -0.096 gal
  MH_929_128           JUNCTION      0.00     0.46     0  00:01           0    7.03e-08       0.016 gal
  MH_929_13            JUNCTION      0.08     0.53     0  00:01    1.21e-06    1.23e-06       0.826 gal
  MH_929_130           JUNCTION      0.06     0.52     0  00:01    9.63e-07    1.22e-06       1.057 gal
  MH_929_131           JUNCTION      0.01     0.46     0  00:01    1.99e-07    3.73e-07       0.286 gal
  MH_929_132           JUNCTION      0.00     0.45     0  00:01           0    1.29e-08      -0.112 gal
  MH_929_133           JUNCTION      0.05     0.50     0  00:02    7.54e-07     8.4e-07       0.710 gal
  MH_929_134           JUNCTION      0.15     0.60     0  00:01    2.27e-06    3.79e-06       3.366 gal
  MH_929_135           JUNCTION      0.12     0.57     0  00:01    1.83e-06    2.81e-06       2.416 gal
  MH_929_136           JUNCTION      0.10     1.00     0  00:01    1.49e-06    2.27e-06       1.863 gal
  MH_929_137           JUNCTION      0.14     0.59     0  00:01    2.17e-06    2.31e-06       1.763 gal
  MH_929_138           JUNCTION      0.03     0.69     0  00:01    4.89e-07     6.1e-07       0.552 gal
  MH_929_14            JUNCTION      0.07     0.53     0  00:01     1.1e-06    1.15e-06       0.641 gal
  MH_929_140           JUNCTION      0.01     0.50     0  00:01    1.21e-07    1.55e-07       0.088 gal
  MH_929_142           JUNCTION      0.05     0.49     0  00:02    6.91e-07    7.15e-07       0.545 gal
  MH_929_143           JUNCTION      0.02     0.07     0  00:00    3.64e-07    6.29e-07       0.438 gal
  MH_929_144           JUNCTION      0.08     0.55     0  00:01    1.18e-06    5.58e-06       4.179 gal
  MH_929_145           JUNCTION      0.07     0.97     0  00:01    1.04e-06    1.88e-06       1.295 gal
  MH_929_146           JUNCTION      0.06     0.51     0  00:01    9.13e-07    1.09e-06       0.747 gal
  MH_929_147           JUNCTION      0.05     0.50     0  00:01    7.08e-07    7.26e-07       0.461 gal
  MH_929_148           JUNCTION      0.09     0.54     0  00:01    1.34e-06    1.67e-06       1.103 gal
  MH_929_149           JUNCTION      0.00     0.45     0  00:01           0     6.1e-07       0.514 gal
  MH_929_15            JUNCTION      0.00     0.45     0  00:01           0    6.27e-07       0.528 gal
  MH_929_150           JUNCTION      0.07     0.52     0  00:01    1.01e-06    1.19e-06       0.916 gal
  MH_929_151           JUNCTION      0.10     0.55     0  00:01    1.55e-06    1.56e-06       0.736 gal
  MH_929_152           JUNCTION      0.38     0.42     0  00:00    5.69e-06    5.69e-06       1.309 gal
  MH_929_153           JUNCTION      0.00     0.22     0  00:02           0    9.74e-09      -0.018 gal
  MH_929_154           JUNCTION      0.10     0.55     0  00:01     1.5e-06    1.51e-06       1.133 gal
  MH_929_155           JUNCTION      0.00     0.66     0  00:02           0    3.23e-08      -0.116 gal
  MH_929_158           JUNCTION      0.00     0.06     0  00:01           0    9.61e-08      -0.001 gal
  MH_929_16            JUNCTION      0.02     0.47     0  00:01    2.89e-07    3.59e-07       0.285 gal
  MH_929_161           JUNCTION      0.00     0.45     0  00:02           0    8.43e-08       0.071 gal
  MH_929_162           JUNCTION      0.02     0.91     0  00:02    2.52e-07    1.07e-06       0.736 gal
  MH_929_164           JUNCTION      0.07     0.53     0  00:01    1.08e-06    1.56e-06       1.223 gal
  MH_929_165           JUNCTION      0.10     0.14     0  00:01    1.45e-06    1.74e-06       1.287 gal
  MH_929_166           JUNCTION      0.08     0.53     0  00:01    1.15e-06    1.65e-06       1.373 gal
  MH_929_167           JUNCTION      0.05     0.56     0  00:01    7.03e-07    1.42e-06       1.283 gal
  MH_929_168           JUNCTION      0.00     0.22     0  00:01           0    7.89e-08      -0.015 gal
  MH_929_169           JUNCTION      0.06     0.51     0  00:01    8.89e-07    1.25e-06       0.439 gal
  MH_929_17            JUNCTION      0.13     0.58     0  00:01    1.93e-06    1.94e-06       1.197 gal
  MH_929_171           JUNCTION      0.00     0.46     0  00:01           0    7.03e-08       0.014 gal
  MH_929_174           JUNCTION      0.01     0.46     0  00:01    1.46e-07    1.56e-07       0.093 gal
  MH_929_175           JUNCTION      0.00     0.45     0  00:01           0    9.67e-08      -0.552 gal
  MH_929_176           JUNCTION      0.02     0.21     0  00:02    3.47e-07    3.55e-07       0.174 gal
  MH_929_177           JUNCTION      0.16     0.39     0  00:01    2.47e-06    2.57e-06       2.237 gal
  MH_929_18            JUNCTION      0.00     0.04     0  00:00           0    1.59e-08       0.015 gal
  MH_929_180           JUNCTION      0.05     0.10     0  00:02    7.82e-07    8.43e-07       0.745 gal
  MH_929_181           JUNCTION      0.06     0.51     0  00:01    8.74e-07    8.99e-07       0.481 gal
  MH_929_182           JUNCTION      0.03     0.47     0  00:01    3.92e-07    4.24e-07       0.258 gal
  MH_929_184           JUNCTION      0.06     0.52     0  00:02    8.78e-07    1.94e-06      -3.020 gal
  MH_929_188           JUNCTION      0.06     0.15     0  00:00    9.21e-07    1.19e-06       0.569 gal
  MH_929_19            JUNCTION      0.06     0.51     0  00:01    8.63e-07    1.23e-06       0.895 gal
  MH_929_190           JUNCTION      0.06     0.51     0  00:01    9.46e-07    9.64e-07       0.695 gal
  MH_929_196           JUNCTION      0.01     0.46     0  00:01    1.37e-07     3.1e-07      -0.368 gal
  MH_929_198           JUNCTION      0.03   996.54     0  00:00    3.87e-07     0.00118      36.022
  MH_929_199           JUNCTION      0.01  3180.36     0  00:00    9.28e-08     0.00257      14.837
  MH_929_2             JUNCTION      0.00     0.45     0  00:01           0    1.81e-08       0.003 gal
  MH_929_20            JUNCTION      0.00     0.45     0  00:01           0    1.45e-08      -0.045 gal
  MH_929_201           JUNCTION      0.01     0.21     0  00:02    9.72e-08    1.47e-07       0.050 gal
  MH_929_204           JUNCTION      0.07     0.52     0  00:01    1.02e-06     1.1e-06     -98.089
  MH_929_205           JUNCTION      0.03     0.48     0  00:01    4.31e-07    4.64e-07       0.180 gal
  MH_929_206           JUNCTION      0.02     0.06     0  00:00     2.3e-07     2.3e-07      -0.162 gal
  MH_929_207           JUNCTION      0.02     0.47     0  00:02    2.82e-07       3e-07       0.151 gal
  MH_929_209           JUNCTION      0.02     0.23     0  00:01    2.43e-07    5.51e-07       0.513 gal
  MH_929_21            JUNCTION      0.03     0.48     0  00:01    4.51e-07    8.85e-07       0.741 gal
  MH_929_211           JUNCTION      0.07     0.52     0  00:02    1.05e-06    1.06e-06       1.012 gal
  MH_929_212           JUNCTION      0.04     0.09     0  00:00    6.28e-07     8.5e-07       0.756 gal
  MH_929_213           JUNCTION      0.04     0.49     0  00:02    6.15e-07    6.33e-07       0.415 gal
  MH_929_214           JUNCTION      0.05     0.50     0  00:02     7.1e-07    7.93e-07       0.500 gal
  MH_929_217           JUNCTION      0.03     0.48     0  00:01    4.27e-07    4.65e-07       0.372 gal
  MH_929_218           JUNCTION      0.32     0.36     0  00:00    4.73e-06    4.73e-06       1.697 gal
  MH_929_22            JUNCTION      0.00     0.46     0  00:02           0    7.53e-07       0.072 gal
  MH_929_221           JUNCTION      0.04     0.49     0  00:01    5.78e-07    6.63e-07       0.560 gal
  MH_929_223           JUNCTION      0.06     0.51     0  00:01    8.47e-07     1.7e-06       1.634 gal
  MH_929_224           JUNCTION      0.39     0.69     0  00:14    5.79e-06    8.83e-06       2.544 gal
  MH_929_226           JUNCTION      0.14     0.89     0  00:14    2.09e-06    8.79e-06       6.199 gal
  MH_929_227           JUNCTION      0.08     0.66     0  00:14    1.15e-06    4.04e-06       3.291 gal
  MH_929_23            JUNCTION      0.01     0.46     0  00:02    1.86e-07    9.72e-07       0.855 gal
  MH_929_230           JUNCTION      0.01     0.46     0  00:02    1.15e-07    2.47e-07       0.216 gal
  MH_929_239           JUNCTION      0.01     0.46     0  00:02    7.68e-08    1.91e-07       0.070 gal
  MH_929_24            JUNCTION      0.09     0.18     0  00:00    1.35e-06    1.57e-06       0.900 gal
  MH_929_240           JUNCTION      0.01     0.46     0  00:01    2.05e-07    2.86e-07       0.138 gal
  MH_929_25            JUNCTION      0.00     0.45     0  00:01           0    7.47e-07       0.680 gal
  MH_929_26            JUNCTION      0.10     0.55     0  00:01    1.46e-06    1.64e-06       1.511 gal
  MH_929_27            JUNCTION      0.00     0.04     0  00:00           0    8.25e-09      -0.000 gal
  MH_929_28            JUNCTION      0.06     0.51     0  00:01    9.03e-07    9.21e-07       0.474 gal
  MH_929_29            JUNCTION      0.06     0.51     0  00:01    9.34e-07    9.57e-07       0.607 gal
  MH_929_3             JUNCTION      0.08     0.53     0  00:01    1.24e-06    1.26e-06       1.233 gal
  MH_929_30            JUNCTION      0.06     0.51     0  00:01    9.65e-07    9.84e-07       0.636 gal
  MH_929_32            JUNCTION      0.00     0.04     0  00:00           0    1.29e-08       0.005 gal
  MH_929_33            JUNCTION      0.00     0.22     0  00:02           0    3.06e-08      -0.003 gal
  MH_929_34            JUNCTION      0.06     0.50     0  00:01    8.39e-07    8.64e-07       0.617 gal
  MH_929_35            JUNCTION      0.00     0.72     0  00:02           0    8.16e-08       0.024 gal
  MH_929_36            JUNCTION      0.05     0.71     0  00:01     7.4e-07    9.23e-07       0.735 gal
  MH_929_37            JUNCTION      0.06     0.51     0  00:01       9e-07    1.18e-06       0.928 gal
  MH_929_38            JUNCTION      0.07     0.52     0  00:01    1.04e-06     1.3e-06       1.097 gal
  MH_929_39            JUNCTION      0.04     0.52     0  00:01    5.53e-07    7.47e-07       0.488 gal
  MH_929_4             JUNCTION      0.00     0.22     0  00:02           0    1.34e-08      -0.012 gal
  MH_929_40            JUNCTION      0.25     0.70     0  00:00    3.69e-06     3.7e-06       1.713 gal
  MH_929_44            JUNCTION      0.00     0.46     0  00:01           0     1.7e-07       0.124 gal
  MH_929_46            JUNCTION      0.09     0.56     0  00:02     1.4e-06    3.41e-06       3.005 gal
  MH_929_47            JUNCTION      0.00     0.46     0  00:02           0    6.37e-08       0.004 gal
  MH_929_48            JUNCTION      0.00     0.11     0  00:02           0    7.35e-08       0.009 gal
  MH_929_49            JUNCTION      0.00     0.90     0  00:02           0    6.85e-08      -0.019 gal
  MH_929_5             JUNCTION      0.06     0.51     0  00:01    8.49e-07    9.49e-07       0.788 gal
  MH_929_50            JUNCTION      0.11     0.56     0  00:01    1.67e-06    1.77e-06       1.139 gal
  MH_929_51            JUNCTION      0.05     0.50     0  00:02    7.46e-07    1.56e-06       1.402 gal
  MH_929_52            JUNCTION      0.10     0.55     0  00:02    1.44e-06    1.76e-06       1.558 gal
  MH_929_53            JUNCTION      0.11     0.56     0  00:01    1.64e-06    2.55e-06       2.240 gal
  MH_929_54            JUNCTION      0.00     1.84     0  00:14           0       2e-05      19.112 gal
  MH_929_56            JUNCTION      0.01     0.06     0  00:00    1.55e-07    1.55e-07       0.102 gal
  MH_929_57            JUNCTION      0.05     0.50     0  00:01     7.5e-07    1.07e-06       0.864 gal
  MH_929_58            JUNCTION      0.01     0.46     0  00:02    1.87e-07    2.05e-07       0.139 gal
  MH_929_59            JUNCTION      0.05     0.50     0  00:01    7.78e-07    8.12e-07       0.525 gal
  MH_929_6             JUNCTION      0.02  1032.18     0  00:00    3.43e-07    0.000369      18.955
  MH_929_63            JUNCTION      0.11     0.56     0  00:01    1.64e-06    2.28e-06       1.929 gal
  MH_929_64            JUNCTION      0.05     0.25     0  00:01    7.82e-07    1.21e-06       0.854 gal
  MH_929_65            JUNCTION      0.11     0.56     0  00:01    1.67e-06    2.01e-06       1.520 gal
  MH_929_66            JUNCTION      0.09     0.98     0  00:01    1.29e-06    1.78e-06       1.339 gal
  MH_929_67            JUNCTION      0.09     0.54     0  00:01    1.34e-06    1.49e-06       1.077 gal
  MH_929_68            JUNCTION      0.02     0.51     0  00:01    3.42e-07    8.56e-07       0.650 gal
  MH_929_69            JUNCTION      0.03     0.25     0  00:02    4.88e-07    4.97e-07       0.411 gal
  MH_929_7             JUNCTION      0.06     0.51     0  00:01    9.61e-07     1.1e-06       0.893 gal
  MH_929_70            JUNCTION      0.08     1.43     0  00:01    1.21e-06    1.68e-06       1.556 gal
  MH_929_71            JUNCTION      0.09     0.54     0  00:01    1.39e-06    1.95e-06       1.874 gal
  MH_929_72            JUNCTION      0.00     0.04     0  00:00           0    8.69e-08      -0.005 gal
  MH_929_73            JUNCTION      0.08     0.53     0  00:01    1.14e-06    1.24e-06       0.885 gal
  MH_929_74            JUNCTION      0.07     0.52     0  00:01    1.12e-06     1.5e-06       1.284 gal
  MH_929_75            JUNCTION      0.12     0.57     0  00:01     1.8e-06    1.81e-06       1.270 gal
  MH_929_77            JUNCTION      0.06     0.51     0  00:01    8.77e-07    8.96e-07       0.481 gal
  MH_929_78            JUNCTION      0.05     0.50     0  00:01    6.95e-07    7.16e-07       0.367 gal
  MH_929_8             JUNCTION      0.03     0.48     0  00:01    4.66e-07    4.94e-07       0.362 gal
  MH_929_80            JUNCTION      0.00     0.45     0  00:01           0    1.37e-08      -0.037 gal
  MH_929_81            JUNCTION      0.08     0.53     0  00:01    1.21e-06    1.22e-06       0.777 gal
  MH_929_82            JUNCTION      0.06     0.71     0  00:02    8.25e-07    8.93e-07       0.707 gal
  MH_929_84            JUNCTION      0.06     0.51     0  00:01     9.7e-07    1.15e-06       0.877 gal
  MH_929_85            JUNCTION      0.12     0.56     0  00:01    1.73e-06    2.18e-06       1.682 gal
  MH_929_86            JUNCTION      0.11     0.56     0  00:01    1.71e-06    2.21e-06       1.855 gal
  MH_929_87            JUNCTION      0.09     0.54     0  00:01    1.38e-06    1.65e-06       1.380 gal
  MH_929_88            JUNCTION      0.02     0.23     0  00:01     3.1e-07    1.21e-06       1.049 gal
  MH_929_89            JUNCTION      0.09     0.54     0  00:01    1.33e-06    1.47e-06       0.982 gal
  MH_929_9             JUNCTION      0.05     0.50     0  00:02    6.84e-07    8.92e-07       0.704 gal
  MH_929_90            JUNCTION      0.07     0.52     0  00:01    1.02e-06    1.61e-06       1.414 gal
  MH_929_91            JUNCTION      0.08     0.53     0  00:01    1.23e-06     1.4e-06       1.088 gal
  MH_929_92            JUNCTION      0.04     0.49     0  00:02    6.49e-07    9.78e-07       0.775 gal
  MH_929_93            JUNCTION      0.04     0.49     0  00:02    6.06e-07    6.21e-07       0.338 gal
  MH_929_99            JUNCTION      0.00     0.45     0  00:01           0    1.56e-08      -0.115 gal
  MH_930_1             JUNCTION      0.04     0.54     0  00:01    6.58e-07    7.27e-07       0.622 gal
  MH_930_100           JUNCTION      0.73     0.77     0  00:00    1.09e-05    1.09e-05      38.347
  MH_930_101           JUNCTION      0.00     0.45     0  00:01           0    1.71e-08      -0.063 gal
  MH_930_102           JUNCTION      0.06     0.27     0  00:01    9.69e-07    9.79e-07       0.442 gal
  MH_930_103           JUNCTION      0.10     0.55     0  00:01    1.45e-06    1.45e-06       1.379 gal
  MH_930_104           JUNCTION      0.48     0.52     0  00:00    7.14e-06    7.14e-06       2.433 gal
  MH_930_105           JUNCTION      0.48     0.52     0  00:00    7.13e-06    7.13e-06       1.417 gal
  MH_930_106           JUNCTION      0.04     0.56     0  00:10    5.26e-07    6.26e-06       2.387 gal
  MH_930_107           JUNCTION      0.13     0.17     0  00:00    1.88e-06    1.88e-06       0.890 gal
  MH_930_108           JUNCTION      0.12     0.57     0  00:01    1.79e-06    2.79e-06       1.119 gal
  MH_930_109           JUNCTION      0.11     1.17     0  00:14     1.6e-06    1.12e-05      10.186 gal
  MH_930_110           JUNCTION      0.15     0.60     0  00:01    2.25e-06    2.79e-06       2.347 gal
  MH_930_111           JUNCTION      0.05     0.65     0  00:14    7.11e-07    4.59e-06       2.896 gal
  MH_930_112           JUNCTION      0.16     0.93     0  00:14    2.41e-06    8.33e-06       5.960 gal
  MH_930_113           JUNCTION      0.07     0.52     0  00:14    1.08e-06    2.77e-06       1.545 gal
  MH_930_114           JUNCTION      0.12     0.57     0  00:01    1.81e-06    1.88e-06       1.343 gal
  MH_930_115           JUNCTION      0.20     0.65     0  00:00    2.92e-06    5.28e-06       3.127 gal
  MH_930_116           JUNCTION      0.07     0.96     0  00:01    9.92e-07    1.52e-06       1.058 gal
  MH_930_117           JUNCTION      0.12     0.58     0  00:01    1.84e-06    4.01e-06       3.786 gal
  MH_930_118           JUNCTION      0.13     0.58     0  00:01       2e-06    2.23e-06       2.076 gal
  MH_930_119           JUNCTION      0.05     0.95     0  00:01    7.44e-07    9.77e-07       0.798 gal
  MH_930_120           JUNCTION      0.05     0.55     0  00:01    7.24e-07    1.86e-06       1.679 gal
  MH_930_121           JUNCTION      0.09     0.54     0  00:01    1.38e-06    1.39e-06       0.608 gal
  MH_930_122           JUNCTION      0.00     0.45     0  00:01           0    7.46e-08      -0.074 gal
  MH_930_123           JUNCTION      0.12     0.57     0  00:01    1.83e-06     2.3e-06       1.989 gal
  MH_930_124           JUNCTION      0.06     0.51     0  00:01    9.67e-07    9.91e-07       0.576 gal
  MH_930_125           JUNCTION      0.03     0.44     0  00:02    5.18e-07    6.86e-07       0.587 gal
  MH_930_126           JUNCTION      0.08     0.54     0  00:01    1.27e-06    1.75e-06       1.328 gal
  MH_930_127           JUNCTION      0.00     0.45     0  00:01           0    1.74e-07       0.114 gal
  MH_930_128           JUNCTION      0.13     0.58     0  00:01    1.87e-06    2.66e-06       2.311 gal
  MH_930_129           JUNCTION      0.07     0.52     0  00:01    1.03e-06    1.19e-06       0.601 gal
  MH_930_130           JUNCTION      0.10     1.00     0  00:01    1.53e-06    1.89e-06       1.737 gal
  MH_930_131           JUNCTION      0.02     0.47     0  00:01    3.63e-07    4.33e-07       0.318 gal
  MH_930_132           JUNCTION      0.03     0.48     0  00:01    5.06e-07    1.03e-06       0.869 gal
  MH_930_133           JUNCTION      0.04     0.94     0  00:01    6.33e-07    1.06e-06       0.884 gal
  MH_930_134           JUNCTION      0.02     0.47     0  00:01    3.53e-07    1.25e-06       1.094 gal
  MH_930_135           JUNCTION      0.04     0.50     0  00:02    6.66e-07    1.45e-06       1.245 gal
  MH_930_136           JUNCTION      0.11     0.21     0  00:14    1.71e-06    2.51e-06       1.480 gal
  MH_930_137           JUNCTION      0.14     0.59     0  00:01    2.02e-06    3.07e-06       2.578 gal
  MH_930_138           JUNCTION      0.00     0.45     0  00:01           0    4.97e-07       0.415 gal
  MH_930_139           JUNCTION      0.10     0.14     0  00:00    1.44e-06    1.44e-06       0.641 gal
  MH_930_140           JUNCTION      0.06     0.95     0  00:01    8.24e-07    1.18e-06       0.994 gal
  MH_930_141           JUNCTION      0.05     0.51     0  00:01    7.55e-07    9.22e-07       0.797 gal
  MH_930_142           JUNCTION      0.04     0.25     0  00:02    5.28e-07    5.48e-07       0.442 gal
  MH_930_143           JUNCTION      0.02     0.92     0  00:01    3.06e-07    5.07e-07       0.239 gal
  MH_930_144           JUNCTION      0.10     0.55     0  00:01    1.52e-06    1.74e-06       1.223 gal
  MH_930_145           JUNCTION      0.06     0.97     0  00:01    9.41e-07    1.27e-06       0.877 gal
  MH_930_146           JUNCTION      0.11     1.00     0  00:01     1.6e-06    2.63e-06       2.364 gal
  MH_930_147           JUNCTION      0.08     0.53     0  00:01    1.18e-06    1.55e-06       1.267 gal
  MH_930_148           JUNCTION      0.12     0.57     0  00:01    1.74e-06    2.18e-06       1.834 gal
  MH_930_149           JUNCTION      0.03     0.48     0  00:01    4.01e-07    4.37e-07       0.351 gal
  MH_930_150           JUNCTION      0.03     0.48     0  00:01    4.46e-07    5.84e-07       0.402 gal
  MH_930_151           JUNCTION      0.03     0.48     0  00:01    4.39e-07     4.7e-07       0.310 gal
  MH_930_152           JUNCTION      0.07     0.52     0  00:01    1.07e-06    1.59e-06       1.172 gal
  MH_930_153           JUNCTION      0.08     0.53     0  00:01    1.19e-06    1.21e-06       0.656 gal
  MH_930_154           JUNCTION      0.07     0.52     0  00:01    1.03e-06    1.05e-06       0.654 gal
  MH_930_155           JUNCTION      0.02     0.47     0  00:01    2.85e-07    1.14e-06       0.960 gal
  MH_930_156           JUNCTION      0.07     0.53     0  00:01    1.12e-06    1.53e-06       1.206 gal
  MH_930_157           JUNCTION      0.04     0.49     0  00:01    5.69e-07    5.93e-07       0.297 gal
  MH_930_158           JUNCTION      0.05     0.25     0  00:01    6.96e-07    1.16e-06       0.767 gal
  MH_930_159           JUNCTION      0.13     0.58     0  00:01    1.92e-06    2.55e-06       2.050 gal
  MH_930_160           JUNCTION      0.13     0.18     0  00:14    1.95e-06    2.29e-06       1.657 gal
  MH_930_161           JUNCTION      0.11     0.56     0  00:01     1.6e-06     1.9e-06       1.357 gal
  MH_930_162           JUNCTION      0.04     0.49     0  00:02    5.93e-07    6.14e-07       0.408 gal
  MH_930_163           JUNCTION      0.03     0.48     0  00:02    5.23e-07    7.49e-07       0.411 gal
  MH_930_164           JUNCTION      0.06     0.95     0  00:01    8.38e-07    1.19e-06       0.940 gal
  MH_930_165           JUNCTION      0.03     0.48     0  00:01    4.83e-07    1.05e-06       0.674 gal
  MH_930_166           JUNCTION      0.05     0.50     0  00:02    7.05e-07    8.57e-07       0.753 gal
  MH_930_167           JUNCTION      0.02     0.46     0  00:01    2.33e-07    5.96e-07       0.435 gal
  MH_930_168           JUNCTION      0.05     0.14     0  00:00    7.04e-07     8.5e-07       0.822 gal
  MH_930_169           JUNCTION      0.01     0.46     0  00:02    1.06e-07    1.26e-07       0.027 gal
  MH_930_170           JUNCTION      0.13     1.03     0  00:01    1.96e-06    1.97e-06       1.410 gal
  MH_930_171           JUNCTION      0.05     0.26     0  00:01    7.79e-07    8.81e-07       0.776 gal
  MH_930_172           JUNCTION      0.04     0.50     0  00:01    6.58e-07    1.11e-06       0.732 gal
  MH_930_173           JUNCTION      0.14     0.59     0  00:01    2.14e-06    2.68e-06       2.455 gal
  MH_930_174           JUNCTION      0.10     0.32     0  00:02    1.55e-06    1.77e-06       1.284 gal
  MH_930_175           JUNCTION      0.00     0.47     0  00:01    6.93e-08    7.85e-07       0.622 gal
  MH_930_176           JUNCTION      0.04     0.48     0  00:02    5.34e-07     8.4e-07       0.668 gal
  MH_930_177           JUNCTION      0.05     0.50     0  00:01    7.77e-07    7.97e-07       0.508 gal
  MH_930_178           JUNCTION      0.06     0.51     0  00:01    8.77e-07    1.05e-06       0.710 gal
  MH_930_179           JUNCTION      0.01     0.28     0  00:01    1.41e-07    1.88e-07       0.157 gal
  MH_930_2             JUNCTION      0.02     0.24     0  00:02     3.3e-07    5.23e-07       0.430 gal
  MH_930_3             JUNCTION      0.04     0.49     0  00:02    5.65e-07    6.91e-07       0.480 gal
  MH_930_4             JUNCTION      0.02     0.47     0  00:01    3.22e-07    5.03e-07       0.381 gal
  MH_930_46            JUNCTION      0.29     0.74     0  00:01    4.33e-06     4.5e-06     -98.581
  MH_930_47            JUNCTION      0.00     0.90     0  00:01           0    2.32e-07       0.065 gal
  MH_930_48            JUNCTION      0.00     0.46     0  00:02           0    7.36e-07       0.487 gal
  MH_930_5             JUNCTION      0.02     0.47     0  00:02    3.01e-07    3.19e-07       0.212 gal
  MH_930_6             JUNCTION      0.03     0.48     0  00:02    3.95e-07    5.26e-07       0.365 gal
  MH_930_96            JUNCTION      0.15     0.58     0  00:11    2.28e-06    7.36e-06       4.441 gal
  MH_930_97            JUNCTION      0.40     0.44     0  00:00    5.96e-06    5.96e-06       0.884 gal
  MH_930_98            JUNCTION      0.18     0.65     0  00:14    2.77e-06     5.7e-06       4.819 gal
  MH_930_99            JUNCTION      0.04     0.49     0  00:01    5.87e-07    1.49e-06       1.018 gal
  OFALL-12             OUTFALL       0.00   458.65     0  00:03           0     0.00296       0.000
  WW-147_BC            OUTFALL       0.00     0.45     0  00:00           0    1.79e-07       0.000 gal
  WW-232_OUTFALL       OUTFALL       0.00     0.22     0  00:01           0    1.22e-07       0.000 gal
  WW-1002              STORAGE       0.00   140.81     0  00:01           0      0.0018       0.000
  WW-1003              STORAGE       0.00   917.28     0  00:06           0     0.00271      -0.000
  WW-147               STORAGE       0.00  1159.51     0  00:01           0     0.00393      -0.000
  WW-220               STORAGE       0.00   235.49     0  00:10           0     0.00361      -0.000
  WW-221               STORAGE       0.00   176.81     0  00:10           0     0.00127      -0.000
  WW-222               STORAGE       0.00     0.00     0  00:00           0    0.000634       0.000
  WW-223               STORAGE       0.00     0.04     0  00:00           0    0.000572       0.000
  WW-224               STORAGE       0.00    92.85     0  00:13           0    0.000635       0.000
  WW-225               STORAGE       0.00     0.04     0  00:00           0     0.00207      -0.000
  WW-226               STORAGE       0.00  1007.31     0  00:01           0     0.00427      -0.000
  WW-227               STORAGE       0.00     0.04     0  00:00           0     0.00269      -0.000
  WW-228               STORAGE       0.00     0.04     0  00:00           0    0.000294       0.000
  WW-229               STORAGE       0.00     0.88     0  00:00           0    0.000635       0.000
  WW-230               STORAGE       0.00   101.00     0  00:01           0     0.00226      -0.000
  WW-231               STORAGE       0.00   503.20     0  00:01           0     0.00146       0.000
  WW-232               STORAGE       0.00   478.20     0  00:02           0     0.00298      -0.000
  WW-242               STORAGE       0.00     0.04     0  00:00           0    0.000952      -0.000
  WW-243               STORAGE       0.00    38.96     0  00:07           0    0.000743       0.000
  WW-246               STORAGE       0.00     0.04     0  00:00           0    0.000783       0.000
  WW-247               STORAGE       0.00     7.96     0  00:14           0     0.00019      -0.000
  WW-250               STORAGE       0.00    21.78     0  00:00           0    0.000256      -1.017
  WW-251               STORAGE       0.00     0.04     0  00:00           0    0.000762       0.000
  WW-258               STORAGE       0.00     0.00     0  00:00           0    0.000282      -1.091
  
  
  **********************
  Node Surcharge Summary
  **********************
  
  Surcharging occurs when water rises above the top of the highest conduit.
  ---------------------------------------------------------------------
                                               Max. Height   Min. Depth
                                   Hours       Above Crown    Below Rim
  Node                 Type      Surcharged           Feet         Feet
  ---------------------------------------------------------------------
  J-1002-OUT           JUNCTION        0.23         83.319        0.000
  J-1003-OUT           JUNCTION        0.23        221.192        0.000
  J-147-OUT            JUNCTION        0.22        547.199        0.000
  J-224-OUT            JUNCTION        0.01          8.386        0.000
  J-226-OUT            JUNCTION        0.24        454.055        0.000
  J-229-OUT            JUNCTION        0.03         63.059        0.000
  J-232-OUT            JUNCTION        0.24        934.682        0.000
  J-246-OUT            JUNCTION        0.17         40.006        0.000
  J-250-OUT            JUNCTION        0.24        126.154        0.000
  JN_824_1             JUNCTION        0.23        637.806        0.000
  JN_824_21            JUNCTION        0.23         59.245        0.000
  JN_824_22            JUNCTION        0.18          6.366        0.000
  JN_824_8             JUNCTION        0.23        178.025        0.000
  JN_825_6             JUNCTION        0.23        162.177        0.000
  JN_825_7             JUNCTION        0.20         86.860        0.000
  JN_919_26            JUNCTION        0.01          5.732        0.000
  JN_929_43            JUNCTION        0.17       1000.170        0.000
  MH_825_3             JUNCTION        0.19          6.864        3.766
  MH_825_4             JUNCTION        0.02          3.662        5.268
  MH_825_5             JUNCTION        0.24          5.630        0.000
  MH_929_199           JUNCTION        0.23          8.230        0.000
  
  
  *********************
  Node Flooding Summary
  *********************
  
  Flooding refers to all water that overflows a node, whether it ponds or not.
  --------------------------------------------------------------------------
                                                             Total   Maximum
                                 Maximum   Time of Max       Flood    Ponded
                        Hours       Rate    Occurrence      Volume     Depth
  Node                 Flooded       GPM   days hr:min    10^6 gal      Feet
  --------------------------------------------------------------------------
  JN_929_43               0.01  14087.31      0  00:02       0.002  1000.000
  MH_825_5                0.01   1328.95      0  00:00       0.000     0.000
  MH_929_199              0.01   2759.67      0  00:00       0.000     0.000
  
  
  **********************
  Storage Volume Summary
  **********************
  
  ------------------------------------------------------------------------------------------------
                         Average    Avg   Evap  Exfil     Maximum    Max    Time of Max    Maximum
                          Volume   Pcnt   Pcnt   Pcnt      Volume   Pcnt     Occurrence    Outflow
  Storage Unit          1000 ft³   Full   Loss   Loss    1000 ft³   Full    days hr:min        GPM
  ------------------------------------------------------------------------------------------------
  WW-1002                  0.148   18.8    0.0    0.0       0.236   30.0       0  00:00    1909.74
  WW-1003                  0.095   12.1    0.0    0.0       0.236   30.0       0  00:00    2020.82
  WW-147                   0.126   21.9    0.0    0.0       0.283   49.3       0  00:00    3245.33
  WW-220                   0.447   23.1    0.0    0.0       0.482   24.9       0  00:14       0.00
  WW-221                   0.149   21.8    0.0    0.0       0.170   24.9       0  00:14       0.00
  WW-222                   0.085   30.0    0.0    0.0       0.085   30.0       0  00:00       0.00
  WW-223                   0.076   17.5    0.0    0.0       0.076   17.6       0  00:14       0.00
  WW-224                   0.021    5.0    0.0    0.0       0.079   18.3       0  00:00     518.90
  WW-225                   0.277   34.0    0.0    0.0       0.277   34.0       0  00:14       0.00
  WW-226                   0.097    6.7    0.0    0.0       0.530   36.7       0  00:00    8363.60
  WW-227                   0.360   37.5    0.0    0.0       0.360   37.5       0  00:14       0.00
  WW-228                   0.039   11.8    0.0    0.0       0.039   11.8       0  00:14       0.00
  WW-229                   0.025    7.6    0.0    0.0       0.085   25.4       0  00:00    2604.46
  WW-230                   0.281   42.4    0.0    0.0       0.289   43.6       0  00:14      78.14
  WW-231                   0.057   17.7    0.0    0.0       0.088   27.0       0  00:00     590.62
  WW-232                   0.106   31.4    0.0    0.0       0.283   83.3       0  00:00    3773.10
  WW-242                   0.127   33.8    0.0    0.0       0.127   33.9       0  00:14       0.00
  WW-243                   0.088   19.0    0.0    0.0       0.099   21.4       0  00:14       0.00
  WW-246                   0.023    4.2    0.0    0.0       0.105   18.9       0  00:00    1970.51
  WW-247                   0.025   11.0    0.0    0.0       0.025   11.1       0  00:14       0.00
  WW-250                   0.004    2.4    0.0    0.0       0.034   19.7       0  00:00     589.02
  WW-251                   0.102   24.0    0.0    0.0       0.102   24.0       0  00:14       0.00
  WW-258                   0.020   16.0    0.0    0.0       0.038   30.0       0  00:00      30.80
  
  
  ***********************
  Outfall Loading Summary
  ***********************
  
  -----------------------------------------------------------
                         Flow       Avg       Max       Total
                         Freq      Flow      Flow      Volume
  Outfall Node           Pcnt       GPM       GPM    10^6 gal
  -----------------------------------------------------------
  OFALL-12              70.93    299.57    458.65       0.003
  WW-147_BC              3.49      0.45      0.45       0.000
  WW-232_OUTFALL         0.00      0.00      0.00       0.000
  -----------------------------------------------------------
  System                24.81    300.02    458.67       0.003
  
  
  ********************
  Link Flow Summary
  ********************
  
  -----------------------------------------------------------------------------
                                 Maximum  Time of Max   Maximum    Max/    Max/
                                  |Flow|   Occurrence   |Veloc|    Full    Full
  Link                 Type          GPM  days hr:min    ft/sec    Flow   Depth
  -----------------------------------------------------------------------------
  FM-824_1             CONDUIT   1269.11     0  00:01     25.13    4.79    0.63
  FM-824_10            CONDUIT      3.99     0  00:02      0.57    0.04    0.13
  FM-824_2             CONDUIT      0.45     0  00:01      0.00    0.00    0.00
  FM-824_20            CONDUIT      0.45     0  00:01      0.00    0.01    0.00
  FM-824_21            CONDUIT    559.59     0  00:01     16.40    7.00    1.00
  FM-824_22            CONDUIT     75.58     0  00:09      3.02   64.98    0.68
  FM-824_25            CONDUIT     58.64     0  00:13      4.75    0.34    0.40
  FM-824_26            CONDUIT      0.22     0  00:06      0.00    0.00    0.00
  FM-824_8             CONDUIT    114.91     0  00:00      7.98    3.44    0.77
  FM-825_10            CONDUIT     19.74     0  00:14      3.13    1.35    0.73
  FM-825_6             CONDUIT     36.45     0  00:01      3.58    6.08    1.00
  FM-825_7             CONDUIT    342.80     0  00:02      9.60    3.94    1.00
  FM-919_22            CONDUIT      0.45     0  00:01      0.25    0.00    0.03
  FM-919_26            CONDUIT    103.45     0  00:01      2.30    0.92    0.53
  FM-919_3             CONDUIT      0.04     0  00:00      0.00    0.00    0.00
  FM-919_9             CONDUIT      0.50     0  00:08      0.31    0.00    0.03
  FM-920_1             CONDUIT      0.04     0  00:00      0.00    0.00    0.00
  FM-920_12            CONDUIT      1.13     0  00:03      0.32    0.01    0.06
  FM-920_23            CONDUIT      0.04     0  00:00      0.00    0.00    0.50
  FM-929_19            CONDUIT      1.84     0  00:14      0.48    0.01    0.06
  FM-929_40            CONDUIT      0.45     0  00:01      0.00    0.01    0.00
  FM-929_43            CONDUIT    480.16     0  00:02     20.15    8.02    0.60
  FM-929_5             CONDUIT      0.04     0  00:00      0.00    0.00    0.00
  FM-930_16            CONDUIT      0.22     0  00:01      0.00    0.00    0.00
  FM-930_19            CONDUIT      0.04     0  00:00      0.00    0.00    0.00
  FM-930_24            CONDUIT    379.39     0  00:00      6.37    0.61    0.31
  FM-930_28            CONDUIT     15.70     0  00:10      0.48    0.02    0.19
  FM-930_38            CONDUIT    458.65     0  00:03      1.95    0.34    0.72
  FM-LS1002            CONDUIT    723.07     0  00:02     20.33    2.82    1.00
  FM-LS1003            CONDUIT    414.01     0  00:01     40.64    8.40    1.00
  FM-LS147             CONDUIT   9838.60     0  00:00    >50.00   26.16    1.00
  FM-LS220             CONDUIT      0.04     0  00:00      0.00    0.00    0.00
  FM-LS221             CONDUIT      0.04     0  00:00      0.00    0.00    0.00
  FM-LS222             CONDUIT      0.04     0  00:00      0.00    0.02    0.00
  FM-LS223             CONDUIT      0.04     0  00:00      0.00    0.00    0.00
  FM-LS224             CONDUIT    447.97     0  00:01      7.61    3.27    0.93
  FM-LS225             CONDUIT      0.04     0  00:00      0.00    0.00    0.00
  FM-LS226             CONDUIT  18886.20     0  00:00    >50.00    6.96    0.72
  FM-LS227             CONDUIT      0.45     0  00:02      0.00    0.00    0.00
  FM-LS228             CONDUIT      0.45     0  00:02      0.00    0.00    0.00
  FM-LS229             CONDUIT    369.81     0  00:00     18.28    4.80    0.97
  FM-LS230             CONDUIT      0.37     0  00:14      0.72    0.00    0.02
  FM-LS231             CONDUIT      0.04     0  00:00      0.00    0.00    0.00
  FM-LS232             CONDUIT  17680.66     0  00:02    >50.00   81.65    1.00
  FM-LS242             CONDUIT      0.45     0  00:02      0.00    0.00    0.00
  FM-LS243             CONDUIT      0.04     0  00:00      0.00    0.00    0.00
  FM-LS246             CONDUIT    789.98     0  00:00     30.80    2.70    1.00
  FM-LS247             CONDUIT      0.22     0  00:01      0.18    0.00    0.40
  FM-LS250             CONDUIT    765.88     0  00:00     34.76    5.27    1.00
  FM-LS251             CONDUIT      0.45     0  00:06      0.00    0.09    0.00
  FM-LS258             CONDUIT     35.50     0  00:01      6.94    0.79    0.69
  GM-813_1             CONDUIT      0.45     0  00:02      0.00    0.00    0.00
  GM-813_2             CONDUIT      0.22     0  00:02      0.00    0.00    0.01
  GM-813_3             CONDUIT      0.45     0  00:01      0.00    0.00    0.00
  GM-824_1             CONDUIT      0.45     0  00:01      0.00    0.00    0.01
  GM-824_10            CONDUIT      0.04     0  00:00      0.00    0.00    0.00
  GM-824_100           CONDUIT      0.45     0  00:02      0.00    0.00    0.00
  GM-824_101           CONDUIT      0.45     0  00:01      0.00    0.00    0.00
  GM-824_102           CONDUIT      0.45     0  00:02      0.00    0.00    0.00
  GM-824_103           CONDUIT      0.45     0  00:01      0.00    0.00    0.00
  GM-824_104           CONDUIT      0.45     0  00:02      0.00    0.00    0.00
  GM-824_105           CONDUIT      0.45     0  00:01      0.00    0.00    0.00
  GM-824_106           CONDUIT      0.45     0  00:01      0.00    0.00    0.00
  GM-824_107           CONDUIT      0.45     0  00:01      0.00    0.00    0.00
  GM-824_108           CONDUIT      0.45     0  00:01      0.00    0.00    0.00
  GM-824_109           CONDUIT      0.45     0  00:01      0.00    0.00    0.00
  GM-824_11            CONDUIT      0.45     0  00:01      0.00    0.00    0.01
  GM-824_110           CONDUIT      0.45     0  00:02      0.00    0.00    0.00
  GM-824_111           CONDUIT      0.04     0  00:00      0.00    0.00    0.00
  GM-824_112           CONDUIT      0.45     0  00:02      0.00    0.00    0.00
  GM-824_113           CONDUIT      0.45     0  00:02      0.00    0.00    0.00
  GM-824_114           CONDUIT      0.45     0  00:01      0.00    0.00    0.01
  GM-824_115           CONDUIT      0.45     0  00:01      0.00    0.00    0.00
  GM-824_116           CONDUIT      0.04     0  00:00      0.00    0.00    0.01
  GM-824_117           CONDUIT      0.45     0  00:00      0.00    0.00    0.00
  GM-824_118           CONDUIT      0.45     0  00:01      0.00    0.00    0.01
  GM-824_119           CONDUIT      0.45     0  00:01      0.00    0.00    0.01
  GM-824_12            CONDUIT      0.07     0  00:14      0.00    0.00    0.01
  GM-824_120           CONDUIT      0.45     0  00:01      0.00    0.00    0.00
  GM-824_121           CONDUIT      0.45     0  00:01      0.00    0.00    0.01
  GM-824_122           CONDUIT      0.45     0  00:01      0.00    0.00    0.00
  GM-824_123           CONDUIT      0.22     0  00:02      0.00    0.00    0.00
  GM-824_124           CONDUIT      0.04     0  00:00      0.00    0.00    0.00
  GM-824_125           CONDUIT      0.45     0  00:02      0.00    0.00    0.00
  GM-824_126           CONDUIT      0.45     0  00:01      0.00    0.00    0.01
  GM-824_127           CONDUIT      0.45     0  00:02      0.00    0.00    0.00
  GM-824_128           CONDUIT      0.45     0  00:01      0.00    0.00    0.01
  GM-824_129           CONDUIT      0.45     0  00:01      0.00    0.00    0.00
  GM-824_13            CONDUIT      0.07     0  00:05      0.09    0.00    0.06
  GM-824_130           CONDUIT      0.45     0  00:01      0.00    0.00    0.00
  GM-824_131           CONDUIT      0.45     0  00:02      0.00    0.00    0.00
  GM-824_132           CONDUIT      0.45     0  00:01      0.00    0.00    0.01
  GM-824_133           CONDUIT      0.45     0  00:01      0.00    0.00    0.01
  GM-824_134           CONDUIT      0.45     0  00:01      0.00    0.00    0.01
  GM-824_135           CONDUIT      0.20     0  00:01      0.00    0.00    0.01
  GM-824_136           CONDUIT      0.45     0  00:01      0.00    0.00    0.01
  GM-824_137           CONDUIT      0.45     0  00:01      0.00    0.00    0.01
  GM-824_138           CONDUIT      0.45     0  00:02      0.00    0.00    0.00
  GM-824_139           CONDUIT      0.45     0  00:01      0.00    0.00    0.01
  GM-824_14            CONDUIT      0.45     0  00:01      0.00    0.00    0.01
  GM-824_140           CONDUIT      0.06     0  00:14      0.00    0.00    0.01
  GM-824_141           CONDUIT      0.45     0  00:01      0.00    0.00    0.01
  GM-824_142           CONDUIT      0.45     0  00:01      0.00    0.00    0.01
  GM-824_143           CONDUIT      0.45     0  00:02      0.00    0.00    0.00
  GM-824_144           CONDUIT      0.45     0  00:01      0.00    0.00    0.00
  GM-824_145           CONDUIT      0.45     0  00:02      0.00    0.00    0.01
  GM-824_146           CONDUIT      0.45     0  00:01      0.00    0.00    0.01
  GM-824_147           CONDUIT      0.04     0  00:00      0.00    0.00    0.01
  GM-824_148           CONDUIT      0.04     0  00:00      0.00    0.00    0.50
  GM-824_149           CONDUIT      0.45     0  00:01      0.00    0.00    0.01
  GM-824_15            CONDUIT      0.45     0  00:01      0.00    0.00    0.01
  GM-824_150           CONDUIT      0.45     0  00:00      0.00    0.00    0.01
  GM-824_151           CONDUIT      0.45     0  00:01      0.00    0.00    0.01
  GM-824_152           CONDUIT      0.45     0  00:01      0.00    0.00    0.00
  GM-824_153           CONDUIT     38.96     0  00:07      0.49    0.04    0.50
  GM-824_154           CONDUIT      0.45     0  00:01      0.00    0.00    0.01
  GM-824_155           CONDUIT      0.45     0  00:02      0.00    0.00    0.01
  GM-824_156           CONDUIT      0.45     0  00:02      0.00    0.00    0.01
  GM-824_157           CONDUIT      0.45     0  00:02      0.00    0.00    0.01
  GM-824_158           CONDUIT      0.45     0  00:01      0.00    0.00    0.01
  GM-824_159           CONDUIT      0.45     0  00:01      0.00    0.00    0.01
  GM-824_16            CONDUIT      0.45     0  00:02      0.00    0.00    0.01
  GM-824_160           CONDUIT      0.45     0  00:01      0.00    0.00    0.01
  GM-824_161           CONDUIT      0.45     0  00:01      0.00    0.00    0.00
  GM-824_162           CONDUIT      0.45     0  00:01      0.00    0.00    0.00
  GM-824_163           CONDUIT      0.45     0  00:01      0.00    0.00    0.00
  GM-824_164           CONDUIT      0.45     0  00:02      0.00    0.00    0.00
  GM-824_17            CONDUIT      0.45     0  00:01      0.00    0.00    0.01
  GM-824_18            CONDUIT      0.45     0  00:02      0.00    0.00    0.01
  GM-824_19            CONDUIT    104.72     0  00:01      1.56    0.38    0.51
  GM-824_2             CONDUIT      0.45     0  00:01      0.00    0.00    0.01
  GM-824_20            CONDUIT      0.04     0  00:00      0.00    0.00    0.01
  GM-824_21            CONDUIT      0.45     0  00:02      0.00    0.00    0.00
  GM-824_22            CONDUIT      0.45     0  00:02      0.00    0.00    0.00
  GM-824_23            CONDUIT      0.45     0  00:02      0.00    0.00    0.00
  GM-824_24            CONDUIT      0.45     0  00:01      0.00    0.00    0.00
  GM-824_25            CONDUIT   1531.21     0  00:00      8.67    0.36    0.89
  GM-824_26            CONDUIT      0.04     0  00:00      0.00    0.00    0.00
  GM-824_27            CONDUIT      0.45     0  00:02      0.00    0.00    0.00
  GM-824_28            CONDUIT      0.45     0  00:01      0.00    0.00    0.00
  GM-824_29            CONDUIT      0.04     0  00:00      0.00    0.00    0.00
  GM-824_3             CONDUIT      0.45     0  00:01      0.00    0.00    0.01
  GM-824_30            CONDUIT      0.04     0  00:00      0.00    0.00    0.00
  GM-824_31            CONDUIT      0.21     0  00:02      0.00    0.00    0.00
  GM-824_32            CONDUIT      0.45     0  00:01      0.00    0.00    0.00
  GM-824_33            CONDUIT      0.45     0  00:01      0.00    0.00    0.00
  GM-824_34            CONDUIT      0.04     0  00:00      0.09    0.00    0.48
  GM-824_35            CONDUIT      0.04     0  00:00      0.00    0.00    0.00
  GM-824_36            CONDUIT      0.22     0  00:02      0.00    0.00    0.00
  GM-824_37            CONDUIT      0.04     0  00:00      0.00    0.00    0.00
  GM-824_38            CONDUIT      0.04     0  00:00      0.00    0.00    0.50
  GM-824_39            CONDUIT      0.45     0  00:02      0.00    0.00    0.00
  GM-824_4             CONDUIT      0.45     0  00:01      0.00    0.00    0.01
  GM-824_40            CONDUIT      0.04     0  00:00      0.00    0.00    0.00
  GM-824_41            CONDUIT      0.45     0  00:01      0.00    0.00    0.00
  GM-824_42            CONDUIT      0.45     0  00:01      0.00    0.00    0.00
  GM-824_43            CONDUIT      0.45     0  00:01      0.00    0.00    0.00
  GM-824_44            CONDUIT      0.45     0  00:02      0.00    0.00    0.00
  GM-824_45            CONDUIT      0.45     0  00:02      0.00    0.00    0.00
  GM-824_46            CONDUIT      0.04     0  00:00      0.00    0.00    0.00
  GM-824_47            CONDUIT      0.45     0  00:01      0.00    0.00    0.00
  GM-824_48            CONDUIT      0.04     0  00:00      0.00    0.00    0.00
  GM-824_49            CONDUIT      0.04     0  00:00      0.00    0.00    0.00
  GM-824_5             CONDUIT      0.45     0  00:01      0.00    0.00    0.01
  GM-824_50            CONDUIT      0.45     0  00:01      0.00    0.00    0.00
  GM-824_51            CONDUIT      0.45     0  00:01      0.00    0.00    0.01
  GM-824_52            CONDUIT      0.45     0  00:01      0.00    0.00    0.00
  GM-824_53            CONDUIT      0.45     0  00:01      0.00    0.00    0.00
  GM-824_54            CONDUIT      0.04     0  00:00      0.00    0.00    0.00
  GM-824_55            CONDUIT      0.22     0  00:01      0.00    0.00    0.00
  GM-824_56            CONDUIT      0.45     0  00:02      0.00    0.00    0.00
  GM-824_57            CONDUIT      0.22     0  00:02      0.00    0.00    0.00
  GM-824_58            CONDUIT      0.45     0  00:01      0.00    0.00    0.00
  GM-824_59            CONDUIT      0.45     0  00:01      0.00    0.00    0.00
  GM-824_6             CONDUIT      0.45     0  00:02      0.00    0.00    0.01
  GM-824_60            CONDUIT      0.04     0  00:00      0.00    0.00    0.00
  GM-824_61            CONDUIT      0.45     0  00:02      0.00    0.00    0.00
  GM-824_62            CONDUIT      0.12     0  00:14      0.00    0.00    0.01
  GM-824_63            CONDUIT     21.78     0  00:00      0.27    0.01    0.50
  GM-824_64            CONDUIT      0.04     0  00:00      0.00    0.00    0.00
  GM-824_65            CONDUIT      0.45     0  00:01      0.00    0.00    0.00
  GM-824_66            CONDUIT      0.45     0  00:01      0.00    0.00    0.00
  GM-824_67            CONDUIT      0.45     0  00:01      0.00    0.00    0.01
  GM-824_68            CONDUIT      0.45     0  00:01      0.00    0.00    0.01
  GM-824_69            CONDUIT      0.04     0  00:00      0.00    0.00    0.01
  GM-824_7             CONDUIT      0.45     0  00:02      0.00    0.00    0.01
  GM-824_70            CONDUIT      0.45     0  00:01      0.00    0.00    0.01
  GM-824_71            CONDUIT      0.04     0  00:00      0.00    0.00    0.01
  GM-824_72            CONDUIT      0.45     0  00:01      0.00    0.00    0.00
  GM-824_73            CONDUIT      0.45     0  00:01      0.00    0.00    0.00
  GM-824_74            CONDUIT      0.04     0  00:00      0.00    0.00    0.00
  GM-824_75            CONDUIT      0.04     0  00:00      0.00    0.00    0.50
  GM-824_76            CONDUIT      0.45     0  00:01      0.00    0.00    0.00
  GM-824_77            CONDUIT      0.45     0  00:01      0.00    0.00    0.01
  GM-824_78            CONDUIT      0.45     0  00:01      0.00    0.03    0.00
  GM-824_79            CONDUIT      0.04     0  00:00      0.00    0.00    0.00
  GM-824_8             CONDUIT      0.45     0  00:02      0.00    0.00    0.01
  GM-824_80            CONDUIT      0.45     0  00:01      0.00    0.00    0.00
  GM-824_81            CONDUIT      0.22     0  00:01      0.00    0.00    0.00
  GM-824_82            CONDUIT      0.45     0  00:01      0.00    0.00    0.00
  GM-824_83            CONDUIT      0.45     0  00:01      0.00    0.00    0.00
  GM-824_84            CONDUIT      0.45     0  00:01      0.00    0.00    0.00
  GM-824_85            CONDUIT      0.45     0  00:02      0.00    0.00    0.00
  GM-824_86            CONDUIT      0.45     0  00:02      0.00    0.00    0.00
  GM-824_87            CONDUIT      0.45     0  00:02      0.00    0.00    0.00
  GM-824_88            CONDUIT      0.45     0  00:01      0.00    0.00    0.00
  GM-824_89            CONDUIT      0.04     0  00:00      0.00    0.00    0.50
  GM-824_9             CONDUIT      0.22     0  00:02      0.00    0.00    0.01
  GM-824_90            CONDUIT      0.45     0  00:01      0.00    0.00    0.00
  GM-824_91            CONDUIT      0.45     0  00:01      0.00    0.00    0.00
  GM-824_92            CONDUIT      0.45     0  00:02      0.00    0.00    0.00
  GM-824_93            CONDUIT      0.45     0  00:02      0.00    0.00    0.00
  GM-824_94            CONDUIT      0.45     0  00:02      0.00    0.00    0.00
  GM-824_95            CONDUIT      0.45     0  00:01      0.00    0.00    0.00
  GM-824_96            CONDUIT      0.45     0  00:02      0.00    0.00    0.01
  GM-824_97            CONDUIT      0.45     0  00:02      0.00    0.00    0.00
  GM-824_98            CONDUIT      0.04     0  00:00      0.00    0.00    0.00
  GM-824_99            CONDUIT      0.45     0  00:01      0.00    0.00    0.01
  GM-825_10            CONDUIT      0.45     0  00:01      0.00    0.00    0.00
  GM-825_11            CONDUIT      7.96     0  00:14      0.10    0.01    0.50
  GM-825_12            CONDUIT      0.45     0  00:01      0.00    0.00    0.00
  GM-825_13            CONDUIT      0.45     0  00:01      0.00    0.00    0.01
  GM-825_14            CONDUIT      0.45     0  00:01      0.00    0.00    0.01
  GM-825_2             CONDUIT    318.28     0  00:00      3.68    0.70    0.89
  GM-825_3             CONDUIT   1972.62     0  00:00     12.51    6.25    1.00
  GM-825_4             CONDUIT    389.58     0  00:01      3.85    2.36    1.00
  GM-825_5             CONDUIT   1859.39     0  00:00     12.25    6.37    1.00
  GM-825_6             CONDUIT      0.67     0  00:00      0.65    0.00    0.04
  GM-825_7             CONDUIT    171.36     0  00:00      2.11    0.24    0.54
  GM-825_8             CONDUIT      0.45     0  00:01      0.00    0.00    0.00
  GM-825_9             CONDUIT      0.45     0  00:01      0.00    0.00    0.00
  GM-919_1             CONDUIT      0.45     0  00:01      0.00    0.00    0.01
  GM-919_10            CONDUIT      0.45     0  00:01      0.08    0.00    0.11
  GM-919_100           CONDUIT      0.45     0  00:01      0.00    0.00    0.01
  GM-919_101           CONDUIT      0.45     0  00:01      0.00    0.00    0.01
  GM-919_102           CONDUIT      0.45     0  00:01      0.00    0.00    0.01
  GM-919_103           CONDUIT      0.45     0  00:01      0.00    0.00    0.01
  GM-919_104           CONDUIT      0.45     0  00:01      0.00    0.00    0.01
  GM-919_105           CONDUIT      0.11     0  00:14      0.00    0.00    0.01
  GM-919_106           CONDUIT      0.45     0  00:01      0.00    0.00    0.01
  GM-919_107           CONDUIT      0.45     0  00:01      0.00    0.00    0.01
  GM-919_108           CONDUIT      0.45     0  00:02      0.00    0.00    0.01
  GM-919_109           CONDUIT      0.45     0  00:01      0.00    0.00    0.00
  GM-919_11            CONDUIT      0.45     0  00:01      0.00    0.00    0.01
  GM-919_110           CONDUIT      0.45     0  00:01      0.00    0.00    0.01
  GM-919_111           CONDUIT      0.45     0  00:01      0.00    0.00    0.01
  GM-919_112           CONDUIT      0.45     0  00:01      0.00    0.00    0.01
  GM-919_113           CONDUIT      0.45     0  00:02      0.00    0.00    0.01
  GM-919_114           CONDUIT      0.45     0  00:01      0.00    0.00    0.01
  GM-919_115           CONDUIT      0.45     0  00:01      0.00    0.00    0.01
  GM-919_116           CONDUIT      0.45     0  00:02      0.00    0.00    0.00
  GM-919_117           CONDUIT      0.45     0  00:01      0.00    0.04    0.01
  GM-919_118           CONDUIT      0.45     0  00:01      0.00    0.00    0.01
  GM-919_119           CONDUIT      0.45     0  00:02      0.00    0.00    0.01
  GM-919_12            CONDUIT      0.45     0  00:01      0.00    0.00    0.01
  GM-919_120           CONDUIT      0.45     0  00:01      0.00    0.00    0.00
  GM-919_121           CONDUIT      0.22     0  00:02      0.00    0.00    0.00
  GM-919_122           CONDUIT      0.45     0  00:02      0.00    0.00    0.00
  GM-919_123           CONDUIT      0.45     0  00:01      0.00    0.00    0.00
  GM-919_124           CONDUIT      0.45     0  00:02      0.00    0.00    0.00
  GM-919_125           CONDUIT      0.45     0  00:02      0.00    0.00    0.00
  GM-919_126           CONDUIT      0.45     0  00:01      0.00    0.00    0.01
  GM-919_127           CONDUIT      0.45     0  00:01      0.00    0.00    0.01
  GM-919_128           CONDUIT      0.45     0  00:01      0.00    0.00    0.01
  GM-919_129           CONDUIT      0.45     0  00:01      0.00    0.00    0.00
  GM-919_13            CONDUIT      0.45     0  00:01      0.00    0.00    0.01
  GM-919_130           CONDUIT      0.45     0  00:01      0.00    0.00    0.01
  GM-919_131           CONDUIT      0.45     0  00:01      0.00    0.00    0.01
  GM-919_132           CONDUIT      0.45     0  00:01      0.00    0.00    0.00
  GM-919_133           CONDUIT      0.21     0  00:02      0.00    0.00    0.01
  GM-919_134           CONDUIT      0.45     0  00:01      0.00    0.00    0.01
  GM-919_135           CONDUIT      0.45     0  00:02      0.00    0.00    0.01
  GM-919_136           CONDUIT      0.45     0  00:01      0.00    0.00    0.01
  GM-919_137           CONDUIT      0.45     0  00:01      0.00    0.00    0.01
  GM-919_138           CONDUIT      0.45     0  00:01      0.00    0.00    0.01
  GM-919_139           CONDUIT      0.45     0  00:01      0.00    0.00    0.01
  GM-919_14            CONDUIT      0.45     0  00:01      0.00    0.00    0.01
  GM-919_140           CONDUIT      0.45     0  00:01      0.00    0.00    0.00
  GM-919_141           CONDUIT      0.45     0  00:01      0.00    0.00    0.00
  GM-919_142           CONDUIT      0.45     0  00:01      0.00    0.00    0.01
  GM-919_143           CONDUIT      0.45     0  00:01      0.00    0.00    0.01
  GM-919_144           CONDUIT      0.45     0  00:01      0.00    0.00    0.01
  GM-919_145           CONDUIT      0.45     0  00:01      0.00    0.00    0.01
  GM-919_146           CONDUIT      0.45     0  00:01      0.00    0.00    0.01
  GM-919_147           CONDUIT      0.45     0  00:01      0.00    0.00    0.01
  GM-919_148           CONDUIT      0.45     0  00:01      0.00    0.00    0.01
  GM-919_149           CONDUIT      0.45     0  00:01      0.00    0.00    0.01
  GM-919_15            CONDUIT      0.45     0  00:01      0.00    0.00    0.01
  GM-919_150           CONDUIT      0.45     0  00:01      0.00    0.00    0.01
  GM-919_151           CONDUIT      0.45     0  00:01      0.00    0.00    0.01
  GM-919_152           CONDUIT      0.45     0  00:01      0.00    0.00    0.01
  GM-919_153           CONDUIT      0.45     0  00:01      0.00    0.00    0.01
  GM-919_154           CONDUIT      0.45     0  00:02      0.00    0.00    0.00
  GM-919_155           CONDUIT      0.45     0  00:01      0.00    0.00    0.01
  GM-919_156           CONDUIT      0.45     0  00:01      0.00    0.00    0.01
  GM-919_157           CONDUIT      0.45     0  00:01      0.00    0.00    0.01
  GM-919_158           CONDUIT      0.45     0  00:01      0.00    0.00    0.00
  GM-919_159           CONDUIT      0.45     0  00:01      0.00    0.00    0.01
  GM-919_16            CONDUIT      0.11     0  00:14      0.18    0.00    0.02
  GM-919_160           CONDUIT      0.45     0  00:01      0.00    0.00    0.01
  GM-919_161           CONDUIT      0.45     0  00:02      0.00    0.00    0.00
  GM-919_162           CONDUIT      0.45     0  00:01      0.00    0.00    0.01
  GM-919_163           CONDUIT      0.45     0  00:01      0.00    0.00    0.01
  GM-919_164           CONDUIT      0.45     0  00:01      0.00    0.00    0.01
  GM-919_165           CONDUIT      0.45     0  00:01      0.00    0.00    0.00
  GM-919_166           CONDUIT      0.45     0  00:01      0.00    0.00    0.01
  GM-919_167           CONDUIT      0.45     0  00:01      0.00    0.00    0.01
  GM-919_168           CONDUIT      0.45     0  00:01      0.00    0.00    0.01
  GM-919_169           CONDUIT      0.45     0  00:01      0.00    0.00    0.01
  GM-919_17            CONDUIT      0.45     0  00:01      0.00    0.00    0.01
  GM-919_170           CONDUIT      0.22     0  00:02      0.00    0.00    0.00
  GM-919_171           CONDUIT      0.45     0  00:01      0.00    0.00    0.01
  GM-919_172           CONDUIT      0.45     0  00:01      0.00    0.00    0.00
  GM-919_173           CONDUIT      0.45     0  00:01      0.00    0.00    0.01
  GM-919_174           CONDUIT      0.45     0  00:01      0.00    0.00    0.01
  GM-919_175           CONDUIT      0.45     0  00:01      0.00    0.00    0.01
  GM-919_176           CONDUIT      0.45     0  00:02      0.00    0.00    0.00
  GM-919_177           CONDUIT      0.45     0  00:01      0.00    0.00    0.01
  GM-919_178           CONDUIT      0.45     0  00:01      0.00    0.00    0.01
  GM-919_179           CONDUIT      0.45     0  00:01      0.00    0.00    0.01
  GM-919_18            CONDUIT      0.45     0  00:01      0.00    0.00    0.01
  GM-919_180           CONDUIT      0.45     0  00:01      0.00    0.00    0.01
  GM-919_181           CONDUIT      0.45     0  00:02      0.00    0.00    0.00
  GM-919_182           CONDUIT      0.45     0  00:01      0.00    0.00    0.01
  GM-919_183           CONDUIT      0.45     0  00:01      0.00    0.00    0.01
  GM-919_184           CONDUIT      0.04     0  00:00      0.00    0.00    0.01
  GM-919_185           CONDUIT      0.22     0  00:02      0.00    0.00    0.01
  GM-919_186           CONDUIT      0.04     0  00:00      0.00    0.00    0.00
  GM-919_187           CONDUIT      0.45     0  00:01      0.00    0.00    0.01
  GM-919_188           CONDUIT      0.45     0  00:00      0.00    0.00    0.00
  GM-919_189           CONDUIT      0.45     0  00:02      0.00    0.00    0.00
  GM-919_19            CONDUIT      0.45     0  00:01      0.00    0.00    0.00
  GM-919_190           CONDUIT     92.85     0  00:13      2.13    0.09    0.50
  GM-919_191           CONDUIT      0.04     0  00:00      0.00    0.00    0.00
  GM-919_192           CONDUIT      0.22     0  00:02      0.00    0.00    0.00
  GM-919_193           CONDUIT      0.45     0  00:01      0.00    0.00    0.00
  GM-919_194           CONDUIT      0.45     0  00:01      0.00    0.00    0.01
  GM-919_195           CONDUIT      0.45     0  00:01      0.00    0.00    0.01
  GM-919_196           CONDUIT      0.45     0  00:01      0.00    0.00    0.01
  GM-919_197           CONDUIT      0.45     0  00:01      0.00    0.00    0.01
  GM-919_198           CONDUIT      0.20     0  00:01      0.00    0.00    0.01
  GM-919_199           CONDUIT      0.45     0  00:01      0.00    0.00    0.01
  GM-919_2             CONDUIT      0.45     0  00:01      0.59    0.00    0.02
  GM-919_20            CONDUIT      0.45     0  00:01      0.00    0.00    0.01
  GM-919_200           CONDUIT      0.45     0  00:01      0.00    0.00    0.01
  GM-919_201           CONDUIT      0.45     0  00:01      0.00    0.00    0.01
  GM-919_202           CONDUIT      0.20     0  00:01      0.00    0.00    0.01
  GM-919_203           CONDUIT      0.45     0  00:01      0.00    0.00    0.01
  GM-919_204           CONDUIT      0.45     0  00:01      0.00    0.00    0.01
  GM-919_205           CONDUIT      0.45     0  00:01      0.00    0.00    0.01
  GM-919_206           CONDUIT      0.45     0  00:01      0.00    0.00    0.01
  GM-919_207           CONDUIT      0.45     0  00:01      0.00    0.00    0.00
  GM-919_208           CONDUIT      0.45     0  00:01      0.00    0.00    0.01
  GM-919_209           CONDUIT      0.45     0  00:02      0.00    0.00    0.00
  GM-919_21            CONDUIT      0.45     0  00:01      0.00    0.00    0.01
  GM-919_210           CONDUIT      0.45     0  00:00      0.00    0.00    0.00
  GM-919_211           CONDUIT      0.45     0  00:02      0.00    0.00    0.00
  GM-919_212           CONDUIT      0.45     0  00:01      0.00    0.00    0.01
  GM-919_213           CONDUIT      0.45     0  00:01      0.00    0.00    0.01
  GM-919_214           CONDUIT      0.45     0  00:02      0.00    0.00    0.00
  GM-919_215           CONDUIT      0.45     0  00:01      0.00    0.00    0.01
  GM-919_216           CONDUIT      0.10     0  00:02      0.00    0.00    0.01
  GM-919_217           CONDUIT      0.45     0  00:01      0.00    0.00    0.01
  GM-919_218           CONDUIT      0.04     0  00:00      0.00    0.00    0.01
  GM-919_219           CONDUIT      0.22     0  00:01      0.00    0.00    0.01
  GM-919_22            CONDUIT      0.45     0  00:01      0.00    0.00    0.01
  GM-919_220           CONDUIT      0.45     0  00:01      0.00    0.00    0.01
  GM-919_221           CONDUIT      0.45     0  00:01      0.00    0.00    0.00
  GM-919_222           CONDUIT      0.45     0  00:01      0.00    0.00    0.00
  GM-919_223           CONDUIT      0.45     0  00:01      0.00    0.00    0.01
  GM-919_224           CONDUIT      0.45     0  00:01      0.00    0.00    0.01
  GM-919_225           CONDUIT      0.45     0  00:01      0.00    0.00    0.01
  GM-919_226           CONDUIT      0.45     0  00:01      0.00    0.00    0.00
  GM-919_227           CONDUIT      0.45     0  00:01      0.00    0.00    0.01
  GM-919_228           CONDUIT      0.22     0  00:01      0.00    0.00    0.00
  GM-919_229           CONDUIT      0.45     0  00:01      0.00    0.00    0.00
  GM-919_23            CONDUIT      0.45     0  00:01      0.00    0.00    0.00
  GM-919_230           CONDUIT      0.45     0  00:00      0.00    0.00    0.01
  GM-919_231           CONDUIT      0.45     0  00:01      0.00    0.00    0.00
  GM-919_232           CONDUIT      0.45     0  00:01      0.00    0.00    0.00
  GM-919_233           CONDUIT      0.45     0  00:01      0.00    0.00    0.01
  GM-919_234           CONDUIT      0.45     0  00:01      0.00    0.00    0.01
  GM-919_24            CONDUIT      0.45     0  00:01      0.00    0.00    0.01
  GM-919_25            CONDUIT      0.45     0  00:01      0.00    0.00    0.01
  GM-919_26            CONDUIT      0.13     0  00:14      0.00    0.00    0.01
  GM-919_27            CONDUIT     47.01     0  00:14      2.54    0.09    0.18
  GM-919_28            CONDUIT      0.22     0  00:01      0.00    0.00    0.00
  GM-919_29            CONDUIT      0.45     0  00:01      0.00    0.00    0.01
  GM-919_3             CONDUIT      0.45     0  00:02      0.00    0.00    0.01
  GM-919_30            CONDUIT      0.20     0  00:01      0.00    0.00    0.01
  GM-919_31            CONDUIT      0.45     0  00:01      0.00    0.00    0.01
  GM-919_32            CONDUIT      0.22     0  00:01      0.00    0.00    0.01
  GM-919_33            CONDUIT      0.45     0  00:01      0.00    0.00    0.01
  GM-919_34            CONDUIT      0.21     0  00:01      0.00    0.00    0.01
  GM-919_35            CONDUIT      7.91     0  00:14      1.60    0.01    0.08
  GM-919_36            CONDUIT     17.17     0  00:14      2.02    0.04    0.10
  GM-919_37            CONDUIT      0.45     0  00:01      0.00    0.00    0.01
  GM-919_38            CONDUIT      0.45     0  00:01      0.00    0.00    0.01
  GM-919_39            CONDUIT      0.45     0  00:01      0.00    0.00    0.00
  GM-919_4             CONDUIT      0.45     0  00:01      0.00    0.00    0.01
  GM-919_40            CONDUIT      0.45     0  00:01      0.00    0.00    0.01
  GM-919_41            CONDUIT      0.45     0  00:01      0.00    0.00    0.01
  GM-919_42            CONDUIT      0.45     0  00:01      0.00    0.00    0.01
  GM-919_43            CONDUIT      0.45     0  00:00      0.00    0.00    0.01
  GM-919_44            CONDUIT      0.45     0  00:01      0.00    0.00    0.01
  GM-919_45            CONDUIT      0.16     0  00:14      0.00    0.00    0.01
  GM-919_46            CONDUIT      0.22     0  00:01      0.00    0.00    0.01
  GM-919_47            CONDUIT      0.05     0  00:14      0.00    0.00    0.01
  GM-919_48            CONDUIT      1.55     0  00:14      1.06    0.00    0.02
  GM-919_49            CONDUIT      0.45     0  00:01      0.00    0.00    0.01
  GM-919_5             CONDUIT      0.45     0  00:01      0.00    0.00    0.00
  GM-919_50            CONDUIT      0.45     0  00:01      0.00    0.00    0.01
  GM-919_51            CONDUIT      0.45     0  00:01      0.00    0.00    0.01
  GM-919_52            CONDUIT      1.30     0  00:14      1.19    0.00    0.03
  GM-919_53            CONDUIT      0.45     0  00:01      0.00    0.00    0.01
  GM-919_54            CONDUIT      0.45     0  00:01      0.00    0.00    0.01
  GM-919_55            CONDUIT      0.45     0  00:01      0.00    0.00    0.01
  GM-919_56            CONDUIT      0.45     0  00:01      0.00    0.00    0.00
  GM-919_57            CONDUIT    176.72     0  00:10      2.23    0.17    0.50
  GM-919_58            CONDUIT      0.45     0  00:01      0.00    0.00    0.01
  GM-919_59            CONDUIT      0.45     0  00:01      0.00    0.00    0.01
  GM-919_6             CONDUIT      0.45     0  00:01      0.00    0.00    0.01
  GM-919_60            CONDUIT      0.04     0  00:00      0.00    0.00    0.50
  GM-919_61            CONDUIT      0.04     0  00:00      0.00    0.00    0.00
  GM-919_63            CONDUIT      0.05     0  00:14      0.00    0.00    0.01
  GM-919_64            CONDUIT      0.45     0  00:01      0.00    0.00    0.00
  GM-919_65            CONDUIT      0.45     0  00:02      0.00    0.00    0.01
  GM-919_66            CONDUIT      0.45     0  00:01      0.00    0.00    0.01
  GM-919_67            CONDUIT      0.45     0  00:01      0.00    0.00    0.01
  GM-919_68            CONDUIT      0.45     0  00:01      0.00    0.00    0.01
  GM-919_69            CONDUIT      0.45     0  00:01      0.00    0.00    0.01
  GM-919_7             CONDUIT      0.04     0  00:00      0.00    0.00    0.01
  GM-919_70            CONDUIT      0.45     0  00:01      0.00    0.00    0.01
  GM-919_71            CONDUIT      0.04     0  00:00      0.00    0.00    0.50
  GM-919_72            CONDUIT      0.20     0  00:01      0.00    0.00    0.01
  GM-919_73            CONDUIT      0.06     0  00:14      0.00    0.00    0.01
  GM-919_74            CONDUIT      0.45     0  00:01      0.00    0.00    0.01
  GM-919_75            CONDUIT      0.45     0  00:01      0.00    0.00    0.00
  GM-919_76            CONDUIT      0.45     0  00:01      0.00    0.00    0.01
  GM-919_77            CONDUIT      0.19     0  00:02      0.00    0.00    0.01
  GM-919_78            CONDUIT      0.45     0  00:01      0.00    0.00    0.01
  GM-919_79            CONDUIT      0.45     0  00:01      0.00    0.00    0.01
  GM-919_8             CONDUIT      0.45     0  00:01      0.00    0.00    0.01
  GM-919_80            CONDUIT      0.45     0  00:01      0.00    0.00    0.01
  GM-919_81            CONDUIT      0.45     0  00:01      0.00    0.00    0.00
  GM-919_82            CONDUIT      0.45     0  00:01      0.00    0.00    0.01
  GM-919_83            CONDUIT      0.45     0  00:01      0.00    0.00    0.01
  GM-919_84            CONDUIT      0.45     0  00:01      0.00    0.00    0.01
  GM-919_85            CONDUIT      0.45     0  00:01      0.00    0.00    0.01
  GM-919_86            CONDUIT      0.21     0  00:02      0.00    0.00    0.01
  GM-919_87            CONDUIT      0.45     0  00:01      0.00    0.00    0.01
  GM-919_88            CONDUIT      0.22     0  00:01      0.00    0.00    0.01
  GM-919_89            CONDUIT      0.45     0  00:01      0.00    0.00    0.01
  GM-919_9             CONDUIT     52.79     0  00:14      2.17    0.12    0.21
  GM-919_90            CONDUIT      0.21     0  00:01      0.00    0.00    0.01
  GM-919_91            CONDUIT      0.45     0  00:02      0.00    0.00    0.01
  GM-919_92            CONDUIT      0.45     0  00:01      0.00    0.00    0.01
  GM-919_93            CONDUIT      0.45     0  00:01      0.00    0.00    0.01
  GM-919_94            CONDUIT      0.45     0  00:01      0.00    0.00    0.01
  GM-919_95            CONDUIT      0.45     0  00:01      0.00    0.00    0.01
  GM-919_96            CONDUIT      0.45     0  00:01      0.00    0.00    0.01
  GM-919_97            CONDUIT      0.45     0  00:01      0.00    0.00    0.01
  GM-919_98            CONDUIT      0.45     0  00:01      0.00    0.00    0.01
  GM-919_99            CONDUIT      0.21     0  00:02      0.00    0.00    0.01
  GM-920_1             CONDUIT      0.04     0  00:00      0.00    0.00    0.50
  GM-920_10            CONDUIT      0.45     0  00:01      0.00    0.00    0.01
  GM-920_11            CONDUIT      0.45     0  00:01      0.00    0.00    0.01
  GM-920_12            CONDUIT      0.45     0  00:01      0.00    0.00    0.01
  GM-920_13            CONDUIT      0.45     0  00:01      0.00    0.00    0.01
  GM-920_14            CONDUIT      0.45     0  00:01      0.00    0.00    0.01
  GM-920_15            CONDUIT      0.45     0  00:01      0.00    0.00    0.01
  GM-920_16            CONDUIT      0.45     0  00:01      0.00    0.00    0.01
  GM-920_17            CONDUIT      0.45     0  00:01      0.00    0.00    0.01
  GM-920_18            CONDUIT      0.45     0  00:01      0.00    0.00    0.01
  GM-920_19            CONDUIT      0.45     0  00:01      0.00    0.00    0.00
  GM-920_2             CONDUIT      0.04     0  00:00      0.00    0.00    0.00
  GM-920_20            CONDUIT      0.45     0  00:01      0.00    0.00    0.00
  GM-920_21            CONDUIT      0.45     0  00:01      0.00    0.00    0.00
  GM-920_22            CONDUIT      0.45     0  00:01      0.00    0.00    0.01
  GM-920_23            CONDUIT      0.45     0  00:01      0.00    0.00    0.01
  GM-920_24            CONDUIT      0.45     0  00:01      0.00    0.00    0.01
  GM-920_25            CONDUIT      0.45     0  00:01      0.00    0.00    0.01
  GM-920_26            CONDUIT      0.45     0  00:01      0.00    0.00    0.01
  GM-920_27            CONDUIT      0.45     0  00:01      0.00    0.00    0.01
  GM-920_28            CONDUIT      0.45     0  00:00      0.00    0.00    0.01
  GM-920_29            CONDUIT      0.45     0  00:02      0.00    0.00    0.01
  GM-920_3             CONDUIT      0.45     0  00:01      0.00    0.00    0.01
  GM-920_30            CONDUIT      0.45     0  00:01      0.00    0.00    0.01
  GM-920_31            CONDUIT      0.45     0  00:01      0.00    0.00    0.01
  GM-920_32            CONDUIT      0.45     0  00:01      0.00    0.00    0.01
  GM-920_33            CONDUIT      0.45     0  00:01      0.00    0.00    0.01
  GM-920_34            CONDUIT      0.20     0  00:01      0.00    0.00    0.01
  GM-920_35            CONDUIT      0.45     0  00:01      0.00    0.00    0.01
  GM-920_36            CONDUIT      0.22     0  00:01      0.00    0.00    0.01
  GM-920_37            CONDUIT      0.45     0  00:02      0.00    0.00    0.01
  GM-920_38            CONDUIT      0.45     0  00:02      0.00    0.00    0.01
  GM-920_39            CONDUIT      0.45     0  00:01      0.00    0.00    0.01
  GM-920_4             CONDUIT      0.45     0  00:01      0.00    0.00    0.01
  GM-920_40            CONDUIT      0.45     0  00:01      0.00    0.00    0.01
  GM-920_41            CONDUIT      0.45     0  00:01      0.00    0.00    0.01
  GM-920_42            CONDUIT      0.10     0  00:14      0.00    0.00    0.01
  GM-920_43            CONDUIT      0.45     0  00:01      0.00    0.00    0.01
  GM-920_44            CONDUIT      0.12     0  00:14      0.00    0.00    0.01
  GM-920_45            CONDUIT      0.45     0  00:01      0.00    0.00    0.01
  GM-920_46            CONDUIT      0.04     0  00:00      0.00    0.00    0.00
  GM-920_47            CONDUIT      0.45     0  00:02      0.00    0.00    0.00
  GM-920_48            CONDUIT      0.22     0  00:01      0.00    0.00    0.00
  GM-920_49            CONDUIT      0.45     0  00:01      0.00    0.00    0.00
  GM-920_5             CONDUIT      0.08     0  00:14      0.00    0.00    0.01
  GM-920_50            CONDUIT      0.88     0  00:00      0.02    0.00    0.50
  GM-920_51            CONDUIT    307.52     0  00:01      5.47    0.48    0.41
  GM-920_52            CONDUIT      0.45     0  00:01      0.00    0.00    0.01
  GM-920_53            CONDUIT      0.04     0  00:00      0.07    0.00    0.18
  GM-920_54            CONDUIT    251.56     0  00:02      5.62    0.43    0.34
  GM-920_55            CONDUIT    100.95     0  00:01      0.34    0.01    0.64
  GM-920_57            CONDUIT      0.45     0  00:01      0.00    0.00    0.01
  GM-920_58            CONDUIT      0.45     0  00:01      0.00    0.00    0.01
  GM-920_59            CONDUIT      0.45     0  00:01      0.00    0.00    0.01
  GM-920_6             CONDUIT      0.04     0  00:00      0.00    0.00    0.01
  GM-920_60            CONDUIT      0.45     0  00:02      0.00    0.00    0.00
  GM-920_61            CONDUIT      0.04     0  00:00      0.00    0.00    0.00
  GM-920_62            CONDUIT    590.62     0  00:00      3.64    0.15    0.75
  GM-920_63            CONDUIT      0.04     0  00:00      0.08    0.00    0.31
  GM-920_64            CONDUIT      0.45     0  00:01      0.00    0.00    0.00
  GM-920_65            CONDUIT      0.45     0  00:02      0.00    0.00    0.01
  GM-920_66            CONDUIT      0.45     0  00:01      0.00    0.00    0.01
  GM-920_7             CONDUIT      0.45     0  00:01      0.00    0.00    0.01
  GM-920_8             CONDUIT      0.45     0  00:02      0.00    0.00    0.00
  GM-920_9             CONDUIT      0.45     0  00:01      0.00    0.00    0.00
  GM-928_105           CONDUIT      0.45     0  00:02      0.00    0.00    0.00
  GM-928_107           CONDUIT      0.45     0  00:00      0.52    0.00    0.02
  GM-928_118           CONDUIT      0.45     0  00:01      0.00    0.00    0.01
  GM-928_13            CONDUIT      0.45     0  00:02      0.00    0.00    0.01
  GM-928_18            CONDUIT      0.45     0  00:01      0.00    0.00    0.00
  GM-928_27            CONDUIT      0.22     0  00:01      0.00    0.00    0.01
  GM-928_28            CONDUIT      0.45     0  00:01      0.00    0.00    0.01
  GM-928_36            CONDUIT      0.20     0  00:14      0.34    0.00    0.02
  GM-928_43            CONDUIT      0.45     0  00:00      0.31    0.00    0.02
  GM-928_47            CONDUIT      0.45     0  00:01      0.00    0.00    0.01
  GM-928_49            CONDUIT      0.45     0  00:02      0.00    0.00    0.00
  GM-928_50            CONDUIT      0.45     0  00:01      0.00    0.00    0.01
  GM-928_53            CONDUIT      0.45     0  00:01      0.00    0.00    0.00
  GM-928_58            CONDUIT      0.45     0  00:01      0.00    0.00    0.01
  GM-928_6             CONDUIT      0.45     0  00:01      0.00    0.00    0.00
  GM-928_65            CONDUIT      0.45     0  00:01      0.00    0.00    0.01
  GM-928_66            CONDUIT      0.45     0  00:01      0.00    0.00    0.01
  GM-928_67            CONDUIT      0.45     0  00:01      0.00    0.00    0.01
  GM-928_69            CONDUIT      0.45     0  00:01      0.00    0.00    0.01
  GM-928_76            CONDUIT      0.45     0  00:01      0.00    0.00    0.01
  GM-928_81            CONDUIT      0.07     0  00:02      0.00    0.00    0.01
  GM-928_86            CONDUIT      0.42     0  00:14      0.41    0.00    0.02
  GM-928_87            CONDUIT      0.45     0  00:01      0.00    0.00    0.01
  GM-928_88            CONDUIT      0.45     0  00:01      0.41    0.00    0.02
  GM-928_89            CONDUIT      0.45     0  00:01      0.00    0.00    0.00
  GM-928_90            CONDUIT      0.45     0  00:01      0.00    0.00    0.00
  GM-928_91            CONDUIT      0.45     0  00:01      0.00    0.00    0.01
  GM-928_92            CONDUIT      0.45     0  00:01      0.00    0.00    0.01
  GM-928_98            CONDUIT      0.45     0  00:01      0.52    0.00    0.02
  GM-929_1             CONDUIT      0.45     0  00:01      0.00    0.00    0.01
  GM-929_10            CONDUIT      0.45     0  00:01      0.46    0.00    0.06
  GM-929_100           CONDUIT      0.09     0  00:14      0.00    0.00    0.01
  GM-929_101           CONDUIT      0.11     0  00:14      0.00    0.00    0.01
  GM-929_102           CONDUIT      0.45     0  00:01      0.00    0.00    0.01
  GM-929_103           CONDUIT      0.45     0  00:01      0.00    0.00    0.01
  GM-929_104           CONDUIT      0.45     0  00:01      0.00    0.00    0.01
  GM-929_105           CONDUIT      0.45     0  00:02      0.00    0.00    0.00
  GM-929_106           CONDUIT      0.21     0  00:01      0.00    0.00    0.00
  GM-929_107           CONDUIT      0.45     0  00:01      0.00    0.00    0.00
  GM-929_108           CONDUIT      0.45     0  00:01      0.00    0.00    0.01
  GM-929_109           CONDUIT      0.45     0  00:01      0.00    0.00    0.01
  GM-929_11            CONDUIT      0.45     0  00:01      0.00    0.00    0.00
  GM-929_110           CONDUIT      0.45     0  00:01      0.00    0.00    0.01
  GM-929_111           CONDUIT      0.45     0  00:01      0.00    0.00    0.01
  GM-929_112           CONDUIT      0.45     0  00:01      0.00    0.00    0.00
  GM-929_114           CONDUIT      0.45     0  00:01      0.00    0.00    0.01
  GM-929_115           CONDUIT      0.45     0  00:01      0.00    0.00    0.01
  GM-929_116           CONDUIT      0.45     0  00:01      0.00    0.00    0.01
  GM-929_118           CONDUIT      0.45     0  00:01      0.00    0.00    0.01
  GM-929_119           CONDUIT      0.45     0  00:01      0.00    0.00    0.01
  GM-929_12            CONDUIT      0.45     0  00:01      0.00    0.00    0.00
  GM-929_120           CONDUIT      0.45     0  00:01      0.00    0.00    0.00
  GM-929_121           CONDUIT      0.04     0  00:00      0.00    0.00    0.00
  GM-929_122           CONDUIT      0.45     0  00:01      0.00    0.00    0.01
  GM-929_123           CONDUIT      0.45     0  00:01      0.00    0.00    0.00
  GM-929_124           CONDUIT      0.45     0  00:01      0.00    0.00    0.01
  GM-929_125           CONDUIT      0.09     0  00:14      0.00    0.00    0.01
  GM-929_126           CONDUIT      0.45     0  00:01      0.00    0.00    0.00
  GM-929_128           CONDUIT      0.45     0  00:01      0.00    0.00    0.00
  GM-929_13            CONDUIT      0.45     0  00:01      0.00    0.00    0.01
  GM-929_130           CONDUIT      0.45     0  00:01      0.00    0.00    0.01
  GM-929_131           CONDUIT      0.45     0  00:01      0.00    0.00    0.00
  GM-929_132           CONDUIT      0.45     0  00:01      0.00    0.00    0.01
  GM-929_133           CONDUIT      0.45     0  00:02      0.00    0.00    0.01
  GM-929_134           CONDUIT      0.08     0  00:14      0.00    0.00    0.01
  GM-929_135           CONDUIT      0.45     0  00:01      0.00    0.00    0.01
  GM-929_136           CONDUIT      0.20     0  00:01      0.00    0.00    0.01
  GM-929_137           CONDUIT      0.08     0  00:14      0.00    0.00    0.01
  GM-929_138           CONDUIT      0.45     0  00:01      0.00    0.00    0.00
  GM-929_14            CONDUIT      0.45     0  00:01      0.00    0.00    0.00
  GM-929_140           CONDUIT      0.45     0  00:01      0.00    0.00    0.00
  GM-929_142           CONDUIT      0.45     0  00:01      0.00    0.00    0.01
  GM-929_143           CONDUIT      0.04     0  00:00      0.00    0.00    0.01
  GM-929_144           CONDUIT      0.45     0  00:01      0.36    0.00    0.02
  GM-929_145           CONDUIT      0.45     0  00:01      0.00    0.00    0.01
  GM-929_146           CONDUIT      0.45     0  00:01      0.00    0.00    0.01
  GM-929_147           CONDUIT      0.45     0  00:01      0.00    0.00    0.01
  GM-929_148           CONDUIT      0.45     0  00:01      0.00    0.00    0.01
  GM-929_149           CONDUIT      0.22     0  00:02      0.00    0.00    0.00
  GM-929_15            CONDUIT      0.22     0  00:02      0.00    0.00    0.00
  GM-929_150           CONDUIT      0.45     0  00:01      0.00    0.00    0.01
  GM-929_151           CONDUIT      0.45     0  00:01      0.00    0.00    0.01
  GM-929_152           CONDUIT      0.45     0  00:14      0.56    0.00    0.02
  GM-929_153           CONDUIT      0.45     0  00:02      0.00    0.00    0.00
  GM-929_154           CONDUIT      0.45     0  00:01      0.00    0.00    0.01
  GM-929_155           CONDUIT      0.45     0  00:01      0.00    0.00    0.01
  GM-929_158           CONDUIT      0.45     0  00:01      0.00    0.00    0.00
  GM-929_16            CONDUIT      0.45     0  00:01      0.00    0.00    0.00
  GM-929_161           CONDUIT      0.45     0  00:01      0.00    0.03    0.00
  GM-929_162           CONDUIT      0.45     0  00:02      0.00    0.00    0.01
  GM-929_164           CONDUIT      0.45     0  00:01      0.00    0.00    0.01
  GM-929_165           CONDUIT      0.22     0  00:01      0.00    0.00    0.00
  GM-929_166           CONDUIT      0.45     0  00:01      0.00    0.00    0.01
  GM-929_167           CONDUIT      0.45     0  00:01      0.00    0.00    0.00
  GM-929_168           CONDUIT      0.22     0  00:01      0.00    0.00    0.00
  GM-929_169           CONDUIT      0.45     0  00:01      0.00    0.00    0.01
  GM-929_17            CONDUIT      0.45     0  00:01      0.00    0.00    0.01
  GM-929_171           CONDUIT      0.22     0  00:01      0.00    0.00    0.00
  GM-929_174           CONDUIT      0.45     0  00:01      0.00    0.00    0.00
  GM-929_175           CONDUIT      0.04     0  00:00      0.07    0.00    0.22
  GM-929_176           CONDUIT      0.19     0  00:02      0.00    0.00    0.01
  GM-929_177           CONDUIT      0.22     0  00:01      0.00    0.00    0.01
  GM-929_18            CONDUIT      0.04     0  00:00      0.00    0.00    0.00
  GM-929_180           CONDUIT      0.45     0  00:01      0.00    0.00    0.00
  GM-929_181           CONDUIT      0.45     0  00:01      0.00    0.00    0.01
  GM-929_182           CONDUIT      0.45     0  00:01      0.00    0.00    0.01
  GM-929_184           CONDUIT      8.52     0  00:13      0.57    0.02    0.22
  GM-929_188           CONDUIT      0.45     0  00:01      0.00    0.00    0.00
  GM-929_19            CONDUIT      0.45     0  00:01      0.00    0.00    0.01
  GM-929_190           CONDUIT      0.45     0  00:01      0.00    0.00    0.01
  GM-929_196           CONDUIT      0.04     0  00:00      0.00    0.00    0.50
  GM-929_198           CONDUIT    996.38     0  00:00     10.90    0.88    0.72
  GM-929_199           CONDUIT   3180.31     0  00:00     20.56    1.69    1.00
  GM-929_2             CONDUIT      0.45     0  00:01      0.00    0.00    0.00
  GM-929_20            CONDUIT      0.45     0  00:01      0.00    0.00    0.00
  GM-929_201           CONDUIT      0.04     0  00:00      0.00    0.00    0.01
  GM-929_204           CONDUIT     92.86     0  00:13      6.29    0.06    0.22
  GM-929_205           CONDUIT      0.45     0  00:01      0.00    0.00    0.01
  GM-929_206           CONDUIT      0.04     0  00:00      0.00    0.00    0.02
  GM-929_207           CONDUIT      0.45     0  00:02      0.00    0.00    0.01
  GM-929_209           CONDUIT      0.21     0  00:01      0.00    0.01    0.01
  GM-929_21            CONDUIT      0.22     0  00:01      0.00    0.00    0.00
  GM-929_211           CONDUIT      0.45     0  00:02      0.00    0.06    0.01
  GM-929_212           CONDUIT      0.45     0  00:01      0.00    0.00    0.00
  GM-929_213           CONDUIT      0.45     0  00:02      0.00    0.00    0.01
  GM-929_214           CONDUIT      0.45     0  00:02      0.00    0.00    0.01
  GM-929_217           CONDUIT      0.22     0  00:01      0.00    0.00    0.00
  GM-929_218           CONDUIT      0.31     0  00:14      0.32    0.00    0.02
  GM-929_22            CONDUIT      0.04     0  00:00      0.00    0.00    0.50
  GM-929_221           CONDUIT      0.45     0  00:01      0.00    0.02    0.01
  GM-929_223           CONDUIT      0.45     0  00:01      0.00    0.03    0.01
  GM-929_224           CONDUIT      0.71     0  00:14      0.85    0.00    0.02
  GM-929_226           CONDUIT      0.52     0  00:14      0.73    0.00    0.02
  GM-929_227           CONDUIT      0.45     0  00:01      0.00    0.00    0.01
  GM-929_23            CONDUIT      0.45     0  00:01      0.00    0.00    0.01
  GM-929_230           CONDUIT      0.45     0  00:02      0.00    0.00    0.00
  GM-929_239           CONDUIT      0.45     0  00:01      0.00    0.00    0.00
  GM-929_24            CONDUIT      0.45     0  00:01      0.00    0.00    0.00
  GM-929_240           CONDUIT      0.45     0  00:02      0.00    0.00    0.00
  GM-929_25            CONDUIT      0.45     0  00:01      0.00    0.00    0.00
  GM-929_26            CONDUIT      0.45     0  00:01      0.00    0.00    0.00
  GM-929_27            CONDUIT      0.04     0  00:00      0.00    0.00    0.00
  GM-929_28            CONDUIT      0.45     0  00:01      0.00    0.00    0.01
  GM-929_29            CONDUIT      0.45     0  00:01      0.00    0.00    0.01
  GM-929_3             CONDUIT      0.45     0  00:01      0.00    0.04    0.01
  GM-929_30            CONDUIT      0.45     0  00:01      0.00    0.00    0.01
  GM-929_32            CONDUIT      0.04     0  00:00      0.00    0.00    0.00
  GM-929_33            CONDUIT      0.22     0  00:02      0.00    0.00    0.00
  GM-929_34            CONDUIT      0.45     0  00:01      0.00    0.00    0.01
  GM-929_35            CONDUIT      0.45     0  00:01      0.00    0.00    0.00
  GM-929_36            CONDUIT      0.45     0  00:01      0.00    0.00    0.00
  GM-929_37            CONDUIT      0.45     0  00:01      0.00    0.00    0.01
  GM-929_38            CONDUIT      0.45     0  00:01      0.00    0.00    0.01
  GM-929_39            CONDUIT      0.45     0  00:01      0.00    0.00    0.01
  GM-929_4             CONDUIT      0.22     0  00:02      0.00    0.00    0.00
  GM-929_40            CONDUIT      0.45     0  00:00      0.42    0.00    0.02
  GM-929_44            CONDUIT      0.45     0  00:01      0.00    0.05    0.01
  GM-929_46            CONDUIT      0.45     0  00:01      0.00    0.00    0.01
  GM-929_47            CONDUIT      0.45     0  00:02      0.00    0.00    0.00
  GM-929_48            CONDUIT      0.45     0  00:02      0.00    0.00    0.00
  GM-929_49            CONDUIT      0.45     0  00:01      0.00    0.00    0.00
  GM-929_5             CONDUIT      0.45     0  00:01      0.00    0.00    0.00
  GM-929_50            CONDUIT      0.45     0  00:01      0.00    0.00    0.01
  GM-929_51            CONDUIT      0.45     0  00:01      0.00    0.00    0.00
  GM-929_52            CONDUIT      0.45     0  00:01      0.00    0.00    0.00
  GM-929_53            CONDUIT      0.45     0  00:01      0.00    0.00    0.00
  GM-929_54            CONDUIT      0.45     0  00:01      0.22    0.00    0.01
  GM-929_56            CONDUIT      0.04     0  00:00      0.00    0.00    0.00
  GM-929_57            CONDUIT      0.45     0  00:01      0.00    0.00    0.01
  GM-929_58            CONDUIT      0.45     0  00:02      0.00    0.00    0.00
  GM-929_59            CONDUIT      0.45     0  00:01      0.00    0.00    0.01
  GM-929_6             CONDUIT   1032.07     0  00:00      9.26    0.06    0.55
  GM-929_63            CONDUIT      0.45     0  00:01      0.00    0.00    0.01
  GM-929_64            CONDUIT      0.20     0  00:01      0.00    0.00    0.01
  GM-929_65            CONDUIT      0.45     0  00:01      0.00    0.00    0.01
  GM-929_66            CONDUIT      0.45     0  00:01      0.00    0.00    0.01
  GM-929_67            CONDUIT      0.45     0  00:01      0.00    0.00    0.01
  GM-929_68            CONDUIT      0.45     0  00:01      0.00    0.00    0.01
  GM-929_69            CONDUIT      0.21     0  00:02      0.00    0.00    0.00
  GM-929_7             CONDUIT      0.45     0  00:01      0.00    0.00    0.00
  GM-929_70            CONDUIT      0.45     0  00:01      0.00    0.00    0.01
  GM-929_71            CONDUIT      0.45     0  00:01      0.00    0.01    0.01
  GM-929_72            CONDUIT      0.04     0  00:00      0.00    0.00    0.00
  GM-929_73            CONDUIT      0.45     0  00:01      0.00    0.00    0.01
  GM-929_74            CONDUIT      0.45     0  00:01      0.00    0.00    0.01
  GM-929_75            CONDUIT      0.45     0  00:01      0.16    0.00    0.02
  GM-929_77            CONDUIT      0.45     0  00:01      0.00    0.00    0.01
  GM-929_78            CONDUIT      0.45     0  00:01      0.00    0.00    0.01
  GM-929_8             CONDUIT      0.45     0  00:01      0.00    0.00    0.01
  GM-929_80            CONDUIT      0.45     0  00:01      0.00    0.00    0.00
  GM-929_81            CONDUIT      0.45     0  00:01      0.00    0.00    0.01
  GM-929_82            CONDUIT      0.45     0  00:01      0.00    0.00    0.01
  GM-929_84            CONDUIT      0.45     0  00:01      0.00    0.00    0.01
  GM-929_85            CONDUIT      0.45     0  00:01      0.00    0.00    0.01
  GM-929_86            CONDUIT      0.45     0  00:01      0.00    0.00    0.01
  GM-929_87            CONDUIT      0.45     0  00:01      0.00    0.00    0.01
  GM-929_88            CONDUIT      0.45     0  00:01      0.00    0.00    0.01
  GM-929_89            CONDUIT      0.45     0  00:01      0.00    0.00    0.01
  GM-929_9             CONDUIT      0.45     0  00:01      0.00    0.00    0.00
  GM-929_90            CONDUIT      0.45     0  00:01      0.00    0.00    0.01
  GM-929_91            CONDUIT      0.45     0  00:01      0.00    0.00    0.01
  GM-929_92            CONDUIT      0.45     0  00:01      0.00    0.00    0.01
  GM-929_93            CONDUIT      0.45     0  00:02      0.00    0.00    0.01
  GM-929_99            CONDUIT      0.45     0  00:01      0.00    0.00    0.01
  GM-930_1             CONDUIT      0.45     0  00:01      0.00    0.00    0.00
  GM-930_100           CONDUIT      0.78     0  00:14      0.78    0.00    0.03
  GM-930_101           CONDUIT      0.45     0  00:01      0.00    0.00    0.00
  GM-930_102           CONDUIT      0.20     0  00:01      0.00    0.00    0.01
  GM-930_103           CONDUIT      0.45     0  00:01      0.00    0.00    0.00
  GM-930_104           CONDUIT      0.50     0  00:14      0.62    0.00    0.02
  GM-930_105           CONDUIT      0.52     0  00:10      0.60    0.00    0.03
  GM-930_106           CONDUIT      0.60     0  00:14      0.50    0.00    0.03
  GM-930_107           CONDUIT      0.11     0  00:14      0.00    0.00    0.01
  GM-930_108           CONDUIT      0.45     0  00:01      0.43    0.00    0.02
  GM-930_109           CONDUIT      0.45     0  00:01      0.35    0.00    0.02
  GM-930_110           CONDUIT      0.45     0  00:01      0.00    0.00    0.01
  GM-930_111           CONDUIT      0.45     0  00:01      0.52    0.00    0.02
  GM-930_112           CONDUIT      0.43     0  00:14      0.44    0.00    0.02
  GM-930_113           CONDUIT      0.27     0  00:14      0.41    0.00    0.02
  GM-930_114           CONDUIT      0.45     0  00:01      0.00    0.00    0.01
  GM-930_115           CONDUIT      0.45     0  00:00      0.50    0.00    0.02
  GM-930_116           CONDUIT      0.45     0  00:01      0.00    0.00    0.01
  GM-930_117           CONDUIT      0.45     0  00:01      0.00    0.00    0.01
  GM-930_118           CONDUIT      0.45     0  00:01      0.00    0.00    0.01
  GM-930_119           CONDUIT      0.45     0  00:01      0.00    0.00    0.01
  GM-930_120           CONDUIT      0.45     0  00:01      0.00    0.00    0.01
  GM-930_121           CONDUIT      0.45     0  00:01      0.00    0.00    0.01
  GM-930_122           CONDUIT      0.04     0  00:00      0.00    0.00    0.00
  GM-930_123           CONDUIT      0.45     0  00:01      0.00    0.00    0.01
  GM-930_124           CONDUIT      0.45     0  00:01      0.00    0.00    0.01
  GM-930_125           CONDUIT      0.21     0  00:01      0.00    0.00    0.01
  GM-930_126           CONDUIT      0.45     0  00:01      0.00    0.00    0.01
  GM-930_127           CONDUIT      0.45     0  00:01      0.00    0.00    0.00
  GM-930_128           CONDUIT      0.45     0  00:01      0.00    0.00    0.01
  GM-930_129           CONDUIT      0.45     0  00:01      0.00    0.00    0.01
  GM-930_130           CONDUIT      0.45     0  00:01      0.00    0.00    0.01
  GM-930_131           CONDUIT      0.45     0  00:01      0.00    0.00    0.00
  GM-930_132           CONDUIT      0.21     0  00:02      0.00    0.00    0.01
  GM-930_133           CONDUIT      0.45     0  00:01      0.00    0.00    0.01
  GM-930_134           CONDUIT      0.45     0  00:01      0.00    0.00    0.00
  GM-930_135           CONDUIT      0.45     0  00:01      0.00    0.00    0.00
  GM-930_136           CONDUIT      0.16     0  00:14      0.00    0.00    0.01
  GM-930_137           CONDUIT      0.45     0  00:01      0.00    0.00    0.01
  GM-930_138           CONDUIT      0.45     0  00:01      0.00    0.00    0.00
  GM-930_139           CONDUIT      0.10     0  00:14      0.00    0.00    0.01
  GM-930_140           CONDUIT      0.45     0  00:01      0.00    0.00    0.00
  GM-930_141           CONDUIT      0.45     0  00:01      0.00    0.00    0.00
  GM-930_142           CONDUIT      0.45     0  00:01      0.00    0.00    0.00
  GM-930_143           CONDUIT      0.20     0  00:01      0.00    0.00    0.01
  GM-930_144           CONDUIT      0.45     0  00:01      0.00    0.00    0.01
  GM-930_145           CONDUIT      0.45     0  00:01      0.00    0.00    0.01
  GM-930_146           CONDUIT      0.45     0  00:01      0.00    0.00    0.01
  GM-930_147           CONDUIT      0.45     0  00:01      0.00    0.00    0.01
  GM-930_148           CONDUIT      0.45     0  00:01      0.00    0.00    0.01
  GM-930_149           CONDUIT      0.45     0  00:01      0.00    0.00    0.00
  GM-930_150           CONDUIT      0.45     0  00:01      0.00    0.00    0.00
  GM-930_151           CONDUIT      0.45     0  00:01      0.00    0.00    0.01
  GM-930_152           CONDUIT      0.07     0  00:14      0.00    0.00    0.01
  GM-930_153           CONDUIT      0.45     0  00:01      0.00    0.00    0.01
  GM-930_154           CONDUIT      0.45     0  00:01      0.00    0.00    0.01
  GM-930_155           CONDUIT      0.45     0  00:01      0.00    0.00    0.00
  GM-930_156           CONDUIT      0.45     0  00:01      0.00    0.00    0.01
  GM-930_157           CONDUIT      0.45     0  00:01      0.00    0.00    0.01
  GM-930_158           CONDUIT      0.20     0  00:01      0.00    0.00    0.01
  GM-930_159           CONDUIT      0.45     0  00:01      0.00    0.00    0.01
  GM-930_160           CONDUIT      0.10     0  00:14      0.00    0.00    0.01
  GM-930_161           CONDUIT      0.45     0  00:01      0.00    0.00    0.01
  GM-930_162           CONDUIT      0.45     0  00:02      0.00    0.00    0.01
  GM-930_163           CONDUIT      0.45     0  00:02      0.00    0.00    0.01
  GM-930_164           CONDUIT      0.45     0  00:01      0.00    0.00    0.01
  GM-930_165           CONDUIT      0.45     0  00:01      0.00    0.00    0.01
  GM-930_166           CONDUIT      0.45     0  00:01      0.00    0.00    0.00
  GM-930_167           CONDUIT      0.45     0  00:02      0.00    0.00    0.01
  GM-930_168           CONDUIT      0.45     0  00:01      0.00    0.04    0.01
  GM-930_169           CONDUIT      0.45     0  00:01      0.00    0.00    0.00
  GM-930_170           CONDUIT      0.45     0  00:01      0.00    0.00    0.01
  GM-930_171           CONDUIT      0.21     0  00:01      0.00    0.00    0.01
  GM-930_172           CONDUIT      0.45     0  00:01      0.00    0.00    0.01
  GM-930_173           CONDUIT      0.45     0  00:01      0.00    0.00    0.01
  GM-930_174           CONDUIT      0.22     0  00:02      0.00    0.00    0.01
  GM-930_175           CONDUIT      0.04     0  00:00      0.05    0.00    0.06
  GM-930_176           CONDUIT      0.45     0  00:01      0.00    0.00    0.01
  GM-930_177           CONDUIT      0.45     0  00:01      0.00    0.00    0.01
  GM-930_178           CONDUIT      0.45     0  00:01      0.00    0.00    0.01
  GM-930_179           CONDUIT      0.45     0  00:01      0.00    0.00    0.00
  GM-930_2             CONDUIT      0.45     0  00:01      0.00    0.00    0.00
  GM-930_3             CONDUIT      0.45     0  00:01      0.00    0.00    0.00
  GM-930_4             CONDUIT      0.45     0  00:01      0.00    0.00    0.00
  GM-930_46            CONDUIT    235.49     0  00:10      0.76    0.01    0.50
  GM-930_47            CONDUIT      0.45     0  00:00      0.00    0.00    0.00
  GM-930_48            CONDUIT      0.45     0  00:01      0.00    0.00    0.00
  GM-930_5             CONDUIT      0.45     0  00:02      0.00    0.00    0.00
  GM-930_6             CONDUIT      0.45     0  00:02      0.00    0.00    0.00
  GM-930_96            CONDUIT      0.47     0  00:14      0.50    0.00    0.02
  GM-930_97            CONDUIT      0.43     0  00:11      0.75    0.00    0.02
  GM-930_98            CONDUIT      0.45     0  00:01      0.00    0.00    0.01
  GM-930_99            CONDUIT      0.45     0  00:01      0.00    0.00    0.01
  PX-9609              CONDUIT      0.04     0  00:00      0.00    0.03    0.00
  WW-147_BC_CON        CONDUIT      0.45     0  00:00      0.00    0.00    0.00
  WW-232_COND          CONDUIT      0.22     0  00:01      0.00    0.00    0.00
  PMP1-1002            PUMP        25.19     0  00:00              1.00
  PMP1-1003            PUMP        24.31     0  00:00              0.96
  PMP1-147             PUMP      1008.46     0  00:00              0.80
  PMP1-220             PUMP         0.00     0  00:00              0.00
  PMP1-221             PUMP         0.00     0  00:00              0.00
  PMP1-222             PUMP         0.00     0  00:00              0.00
  PMP1-223             PUMP         0.00     0  00:00              0.00
  PMP1-224             PUMP       258.79     0  00:00              0.82
  PMP1-225             PUMP         0.00     0  00:00              0.00
  PMP1-226             PUMP      3800.48     0  00:00              0.98
  PMP1-227             PUMP         0.00     0  00:00              0.00
  PMP1-228             PUMP         0.00     0  00:00              0.00
  PMP1-229             PUMP      1302.23     0  00:00              0.88
  PMP1-230             PUMP         0.00     0  00:00              0.00
  PMP1-231             PUMP         0.00     0  00:00              0.00
  PMP1-232             PUMP      1035.94     0  00:00              0.95
  PMP1-242             PUMP         0.00     0  00:00              0.00
  PMP1-243             PUMP         0.00     0  00:00              0.00
  PMP1-246             PUMP       985.26     0  00:00              0.72
  PMP1-247             PUMP         0.00     0  00:00              0.00
  PMP1-250             PUMP       294.51     0  00:00              0.59
  PMP1-251             PUMP         0.00     0  00:00              0.00
  PMP1-258             PUMP        15.40     0  00:00              1.00
  PMP2-1002            PUMP        25.19     0  00:00              1.00
  PMP2-1003            PUMP        24.31     0  00:00              0.96
  PMP2-147             PUMP      1008.46     0  00:00              0.80
  PMP2-220             PUMP         0.00     0  00:00              0.00
  PMP2-221             PUMP         0.00     0  00:00              0.00
  PMP2-222             PUMP         0.00     0  00:00              0.00
  PMP2-223             PUMP         0.00     0  00:00              0.00
  PMP2-224             PUMP       258.79     0  00:00              0.82
  PMP2-225             PUMP         0.00     0  00:00              0.00
  PMP2-226             PUMP      3800.48     0  00:00              0.98
  PMP2-227             PUMP         0.00     0  00:00              0.00
  PMP2-228             PUMP         0.00     0  00:00              0.00
  PMP2-229             PUMP      1302.23     0  00:00              0.88
  PMP2-230             PUMP         0.00     0  00:00              0.00
  PMP2-231             PUMP         0.00     0  00:00              0.00
  PMP2-232             PUMP      1035.94     0  00:00              0.95
  PMP2-242             PUMP         0.00     0  00:00              0.00
  PMP2-243             PUMP         0.00     0  00:00              0.00
  PMP2-246             PUMP       985.26     0  00:00              0.72
  PMP2-247             PUMP         0.00     0  00:00              0.00
  PMP2-250             PUMP       294.51     0  00:00              0.59
  PMP2-251             PUMP         0.00     0  00:00              0.00
  PMP2-258             PUMP        15.40     0  00:00              1.00
  
  
  ***************************
  Flow Classification Summary
  ***************************
  
  -------------------------------------------------------------------------------------
                      Adjusted    ---------- Fraction of Time in Flow Class ---------- 
                       /Actual         Up    Down  Sub   Sup   Up    Down  Norm  Inlet 
  Conduit               Length    Dry  Dry   Dry   Crit  Crit  Crit  Crit  Ltd   Ctrl  
  -------------------------------------------------------------------------------------
  FM-824_1                1.00   1.00  0.00  0.00  0.00  0.00  0.00  0.00  0.00  0.00
  FM-824_10               1.00   1.00  0.00  0.00  0.00  0.00  0.00  0.00  0.00  0.00
  FM-824_2                1.00   1.00  0.00  0.00  0.00  0.00  0.00  0.00  0.00  0.00
  FM-824_20               1.00   1.00  0.00  0.00  0.00  0.00  0.00  0.00  0.00  0.00
  FM-824_21               1.00   1.00  0.00  0.00  0.00  0.00  0.00  0.00  0.00  0.00
  FM-824_22               1.00   1.00  0.00  0.00  0.00  0.00  0.00  0.00  0.00  0.00
  FM-824_25               1.00   1.00  0.00  0.00  0.00  0.00  0.00  0.00  0.00  0.00
  FM-824_26               5.22   1.00  0.00  0.00  0.00  0.00  0.00  0.00  0.00  0.00
  FM-824_8                1.00   1.00  0.00  0.00  0.00  0.00  0.00  0.00  0.00  0.00
  FM-825_10               1.00   1.00  0.00  0.00  0.00  0.00  0.00  0.00  0.00  0.00
  FM-825_6                1.00   1.00  0.00  0.00  0.00  0.00  0.00  0.00  0.00  0.00
  FM-825_7                1.00   1.00  0.00  0.00  0.00  0.00  0.00  0.00  0.00  0.00
  FM-919_22               1.00   1.00  0.00  0.00  0.00  0.00  0.00  0.00  0.00  0.00
  FM-919_26               1.00   1.00  0.00  0.00  0.00  0.00  0.00  0.00  0.00  0.00
  FM-919_3                1.00   1.00  0.00  0.00  0.00  0.00  0.00  0.00  0.00  0.00
  FM-919_9                1.00   1.00  0.00  0.00  0.00  0.00  0.00  0.00  0.00  0.00
  FM-920_1                1.00   1.00  0.00  0.00  0.00  0.00  0.00  0.00  0.00  0.00
  FM-920_12               1.00   1.00  0.00  0.00  0.00  0.00  0.00  0.00  0.00  0.00
  FM-920_23               1.00   1.00  0.00  0.00  0.00  0.00  0.00  0.00  0.00  0.00
  FM-929_19               1.00   1.00  0.00  0.00  0.00  0.00  0.00  0.00  0.00  0.00
  FM-929_40               1.00   1.00  0.00  0.00  0.00  0.00  0.00  0.00  0.00  0.00
  FM-929_43               1.00   1.00  0.00  0.00  0.00  0.00  0.00  0.00  0.00  0.00
  FM-929_5                1.00   1.00  0.00  0.00  0.00  0.00  0.00  0.00  0.00  0.00
  FM-930_16               1.00   1.00  0.00  0.00  0.00  0.00  0.00  0.00  0.00  0.00
  FM-930_19               1.00   1.00  0.00  0.00  0.00  0.00  0.00  0.00  0.00  0.00
  FM-930_24               1.00   1.00  0.00  0.00  0.00  0.00  0.00  0.00  0.00  0.00
  FM-930_28               1.00   1.00  0.00  0.00  0.00  0.00  0.00  0.00  0.00  0.00
  FM-930_38               1.00   1.00  0.00  0.00  0.00  0.00  0.00  0.00  0.00  0.00
  FM-LS1002               2.23   1.00  0.00  0.00  0.00  0.00  0.00  0.00  0.00  0.00
  FM-LS1003               5.68   1.00  0.00  0.00  0.00  0.00  0.00  0.00  0.00  0.00
  FM-LS147                1.82   1.00  0.00  0.00  0.00  0.00  0.00  0.00  0.00  0.00
  FM-LS220                1.62   1.00  0.00  0.00  0.00  0.00  0.00  0.00  0.00  0.00
  FM-LS221                1.00   1.00  0.00  0.00  0.00  0.00  0.00  0.00  0.00  0.00
  FM-LS222                1.00   1.00  0.00  0.00  0.00  0.00  0.00  0.00  0.00  0.00
  FM-LS223                1.00   1.00  0.00  0.00  0.00  0.00  0.00  0.00  0.00  0.00
  FM-LS224                1.00   1.00  0.00  0.00  0.00  0.00  0.00  0.00  0.00  0.00
  FM-LS225                1.00   1.00  0.00  0.00  0.00  0.00  0.00  0.00  0.00  0.00
  FM-LS226                1.00   1.00  0.00  0.00  0.00  0.00  0.00  0.00  0.00  0.00
  FM-LS227                1.00   1.00  0.00  0.00  0.00  0.00  0.00  0.00  0.00  0.00
  FM-LS228                1.00   1.00  0.00  0.00  0.00  0.00  0.00  0.00  0.00  0.00
  FM-LS229                1.00   1.00  0.00  0.00  0.00  0.00  0.00  0.00  0.00  0.00
  FM-LS230                7.45   1.00  0.00  0.00  0.00  0.00  0.00  0.00  0.00  0.00
  FM-LS231                9.61   1.00  0.00  0.00  0.00  0.00  0.00  0.00  0.00  0.00
  FM-LS232                2.23   1.00  0.00  0.00  0.00  0.00  0.00  0.00  0.00  0.00
  FM-LS242                1.59   1.00  0.00  0.00  0.00  0.00  0.00  0.00  0.00  0.00
  FM-LS243                1.00   1.00  0.00  0.00  0.00  0.00  0.00  0.00  0.00  0.00
  FM-LS246                1.94   1.00  0.00  0.00  0.00  0.00  0.00  0.00  0.00  0.00
  FM-LS247                4.29   1.00  0.00  0.00  0.00  0.00  0.00  0.00  0.00  0.00
  FM-LS250                3.74   1.00  0.00  0.00  0.00  0.00  0.00  0.00  0.00  0.00
  FM-LS251                1.00   1.00  0.00  0.00  0.00  0.00  0.00  0.00  0.00  0.00
  FM-LS258                2.19   1.00  0.00  0.00  0.00  0.00  0.00  0.00  0.00  0.00
  GM-813_1                1.00   1.00  0.00  0.00  0.00  0.00  0.00  0.00  0.00  0.00
  GM-813_2                1.00   1.00  0.00  0.00  0.00  0.00  0.00  0.00  0.00  0.00
  GM-813_3                1.00   1.00  0.00  0.00  0.00  0.00  0.00  0.00  0.00  0.00
  GM-824_1                1.00   1.00  0.00  0.00  0.00  0.00  0.00  0.00  0.00  0.00
  GM-824_10               1.00   1.00  0.00  0.00  0.00  0.00  0.00  0.00  0.00  0.00
  GM-824_100              1.00   1.00  0.00  0.00  0.00  0.00  0.00  0.00  0.00  0.00
  GM-824_101              1.00   1.00  0.00  0.00  0.00  0.00  0.00  0.00  0.00  0.00
  GM-824_102              1.00   1.00  0.00  0.00  0.00  0.00  0.00  0.00  0.00  0.00
  GM-824_103              1.00   1.00  0.00  0.00  0.00  0.00  0.00  0.00  0.00  0.00
  GM-824_104              1.00   1.00  0.00  0.00  0.00  0.00  0.00  0.00  0.00  0.00
  GM-824_105              1.00   1.00  0.00  0.00  0.00  0.00  0.00  0.00  0.00  0.00
  GM-824_106              1.00   1.00  0.00  0.00  0.00  0.00  0.00  0.00  0.00  0.00
  GM-824_107              1.00   1.00  0.00  0.00  0.00  0.00  0.00  0.00  0.00  0.00
  GM-824_108              1.00   1.00  0.00  0.00  0.00  0.00  0.00  0.00  0.00  0.00
  GM-824_109              1.00   1.00  0.00  0.00  0.00  0.00  0.00  0.00  0.00  0.00
  GM-824_11               1.00   1.00  0.00  0.00  0.00  0.00  0.00  0.00  0.00  0.00
  GM-824_110              1.00   1.00  0.00  0.00  0.00  0.00  0.00  0.00  0.00  0.00
  GM-824_111              1.00   1.00  0.00  0.00  0.00  0.00  0.00  0.00  0.00  0.00
  GM-824_112              1.00   1.00  0.00  0.00  0.00  0.00  0.00  0.00  0.00  0.00
  GM-824_113              1.00   1.00  0.00  0.00  0.00  0.00  0.00  0.00  0.00  0.00
  GM-824_114              1.00   1.00  0.00  0.00  0.00  0.00  0.00  0.00  0.00  0.00
  GM-824_115              1.00   1.00  0.00  0.00  0.00  0.00  0.00  0.00  0.00  0.00
  GM-824_116              1.00   1.00  0.00  0.00  0.00  0.00  0.00  0.00  0.00  0.00
  GM-824_117              1.34   1.00  0.00  0.00  0.00  0.00  0.00  0.00  0.00  0.00
  GM-824_118              1.00   1.00  0.00  0.00  0.00  0.00  0.00  0.00  0.00  0.00
  GM-824_119              1.00   1.00  0.00  0.00  0.00  0.00  0.00  0.00  0.00  0.00
  GM-824_12               1.00   1.00  0.00  0.00  0.00  0.00  0.00  0.00  0.00  0.00
  GM-824_120              1.12   1.00  0.00  0.00  0.00  0.00  0.00  0.00  0.00  0.00
  GM-824_121              1.00   1.00  0.00  0.00  0.00  0.00  0.00  0.00  0.00  0.00
  GM-824_122              1.00   1.00  0.00  0.00  0.00  0.00  0.00  0.00  0.00  0.00
  GM-824_123              1.00   1.00  0.00  0.00  0.00  0.00  0.00  0.00  0.00  0.00
  GM-824_124              1.00   1.00  0.00  0.00  0.00  0.00  0.00  0.00  0.00  0.00
  GM-824_125              1.00   1.00  0.00  0.00  0.00  0.00  0.00  0.00  0.00  0.00
  GM-824_126              1.00   1.00  0.00  0.00  0.00  0.00  0.00  0.00  0.00  0.00
  GM-824_127              1.00   1.00  0.00  0.00  0.00  0.00  0.00  0.00  0.00  0.00
  GM-824_128              1.00   1.00  0.00  0.00  0.00  0.00  0.00  0.00  0.00  0.00
  GM-824_129              1.00   1.00  0.00  0.00  0.00  0.00  0.00  0.00  0.00  0.00
  GM-824_13               1.00   1.00  0.00  0.00  0.00  0.00  0.00  0.00  0.00  0.00
  GM-824_130              1.00   1.00  0.00  0.00  0.00  0.00  0.00  0.00  0.00  0.00
  GM-824_131              1.00   1.00  0.00  0.00  0.00  0.00  0.00  0.00  0.00  0.00
  GM-824_132              1.00   1.00  0.00  0.00  0.00  0.00  0.00  0.00  0.00  0.00
  GM-824_133              1.00   1.00  0.00  0.00  0.00  0.00  0.00  0.00  0.00  0.00
  GM-824_134              1.00   1.00  0.00  0.00  0.00  0.00  0.00  0.00  0.00  0.00
  GM-824_135              1.00   1.00  0.00  0.00  0.00  0.00  0.00  0.00  0.00  0.00
  GM-824_136              1.00   1.00  0.00  0.00  0.00  0.00  0.00  0.00  0.00  0.00
  GM-824_137              1.00   1.00  0.00  0.00  0.00  0.00  0.00  0.00  0.00  0.00
  GM-824_138              1.08   1.00  0.00  0.00  0.00  0.00  0.00  0.00  0.00  0.00
  GM-824_139              1.00   1.00  0.00  0.00  0.00  0.00  0.00  0.00  0.00  0.00
  GM-824_14               1.00   1.00  0.00  0.00  0.00  0.00  0.00  0.00  0.00  0.00
  GM-824_140              1.00   1.00  0.00  0.00  0.00  0.00  0.00  0.00  0.00  0.00
  GM-824_141              1.00   1.00  0.00  0.00  0.00  0.00  0.00  0.00  0.00  0.00
  GM-824_142              1.00   1.00  0.00  0.00  0.00  0.00  0.00  0.00  0.00  0.00
  GM-824_143              1.00   1.00  0.00  0.00  0.00  0.00  0.00  0.00  0.00  0.00
  GM-824_144              1.00   1.00  0.00  0.00  0.00  0.00  0.00  0.00  0.00  0.00
  GM-824_145              1.00   1.00  0.00  0.00  0.00  0.00  0.00  0.00  0.00  0.00
  GM-824_146              1.00   1.00  0.00  0.00  0.00  0.00  0.00  0.00  0.00  0.00
  GM-824_147              1.00   1.00  0.00  0.00  0.00  0.00  0.00  0.00  0.00  0.00
  GM-824_148              2.84   1.00  0.00  0.00  0.00  0.00  0.00  0.00  0.00  0.00
  GM-824_149              1.00   1.00  0.00  0.00  0.00  0.00  0.00  0.00  0.00  0.00
  GM-824_15               1.00   1.00  0.00  0.00  0.00  0.00  0.00  0.00  0.00  0.00
  GM-824_150              1.09   1.00  0.00  0.00  0.00  0.00  0.00  0.00  0.00  0.00
  GM-824_151              1.00   1.00  0.00  0.00  0.00  0.00  0.00  0.00  0.00  0.00
  GM-824_152              1.00   1.00  0.00  0.00  0.00  0.00  0.00  0.00  0.00  0.00
  GM-824_153              1.00   1.00  0.00  0.00  0.00  0.00  0.00  0.00  0.00  0.00
  GM-824_154              1.15   1.00  0.00  0.00  0.00  0.00  0.00  0.00  0.00  0.00
  GM-824_155              1.00   1.00  0.00  0.00  0.00  0.00  0.00  0.00  0.00  0.00
  GM-824_156              1.00   1.00  0.00  0.00  0.00  0.00  0.00  0.00  0.00  0.00
  GM-824_157              1.00   1.00  0.00  0.00  0.00  0.00  0.00  0.00  0.00  0.00
  GM-824_158              1.00   1.00  0.00  0.00  0.00  0.00  0.00  0.00  0.00  0.00
  GM-824_159              1.00   1.00  0.00  0.00  0.00  0.00  0.00  0.00  0.00  0.00
  GM-824_16               1.00   1.00  0.00  0.00  0.00  0.00  0.00  0.00  0.00  0.00
  GM-824_160              1.00   1.00  0.00  0.00  0.00  0.00  0.00  0.00  0.00  0.00
  GM-824_161              1.00   1.00  0.00  0.00  0.00  0.00  0.00  0.00  0.00  0.00
  GM-824_162              1.00   1.00  0.00  0.00  0.00  0.00  0.00  0.00  0.00  0.00
  GM-824_163              1.00   1.00  0.00  0.00  0.00  0.00  0.00  0.00  0.00  0.00
  GM-824_164              3.28   1.00  0.00  0.00  0.00  0.00  0.00  0.00  0.00  0.00
  GM-824_17               1.00   1.00  0.00  0.00  0.00  0.00  0.00  0.00  0.00  0.00
  GM-824_18               1.00   1.00  0.00  0.00  0.00  0.00  0.00  0.00  0.00  0.00
  GM-824_19               1.00   1.00  0.00  0.00  0.00  0.00  0.00  0.00  0.00  0.00
  GM-824_2                1.17   1.00  0.00  0.00  0.00  0.00  0.00  0.00  0.00  0.00
  GM-824_20               1.00   1.00  0.00  0.00  0.00  0.00  0.00  0.00  0.00  0.00
  GM-824_21               1.00   1.00  0.00  0.00  0.00  0.00  0.00  0.00  0.00  0.00
  GM-824_22               1.48   1.00  0.00  0.00  0.00  0.00  0.00  0.00  0.00  0.00
  GM-824_23               1.00   1.00  0.00  0.00  0.00  0.00  0.00  0.00  0.00  0.00
  GM-824_24               1.00   1.00  0.00  0.00  0.00  0.00  0.00  0.00  0.00  0.00
  GM-824_25               6.69   1.00  0.00  0.00  0.00  0.00  0.00  0.00  0.00  0.00
  GM-824_26               1.52   1.00  0.00  0.00  0.00  0.00  0.00  0.00  0.00  0.00
  GM-824_27               1.00   1.00  0.00  0.00  0.00  0.00  0.00  0.00  0.00  0.00
  GM-824_28               1.00   1.00  0.00  0.00  0.00  0.00  0.00  0.00  0.00  0.00
  GM-824_29               1.62   1.00  0.00  0.00  0.00  0.00  0.00  0.00  0.00  0.00
  GM-824_3                1.00   1.00  0.00  0.00  0.00  0.00  0.00  0.00  0.00  0.00
  GM-824_30               1.00   1.00  0.00  0.00  0.00  0.00  0.00  0.00  0.00  0.00
  GM-824_31               1.00   1.00  0.00  0.00  0.00  0.00  0.00  0.00  0.00  0.00
  GM-824_32               1.00   1.00  0.00  0.00  0.00  0.00  0.00  0.00  0.00  0.00
  GM-824_33               1.00   1.00  0.00  0.00  0.00  0.00  0.00  0.00  0.00  0.00
  GM-824_34               1.00   1.00  0.00  0.00  0.00  0.00  0.00  0.00  0.00  0.00
  GM-824_35               1.22   1.00  0.00  0.00  0.00  0.00  0.00  0.00  0.00  0.00
  GM-824_36               1.77   1.00  0.00  0.00  0.00  0.00  0.00  0.00  0.00  0.00
  GM-824_37               1.28   1.00  0.00  0.00  0.00  0.00  0.00  0.00  0.00  0.00
  GM-824_38               5.07   1.00  0.00  0.00  0.00  0.00  0.00  0.00  0.00  0.00
  GM-824_39               1.00   1.00  0.00  0.00  0.00  0.00  0.00  0.00  0.00  0.00
  GM-824_4                1.00   1.00  0.00  0.00  0.00  0.00  0.00  0.00  0.00  0.00
  GM-824_40               1.00   1.00  0.00  0.00  0.00  0.00  0.00  0.00  0.00  0.00
  GM-824_41               1.00   1.00  0.00  0.00  0.00  0.00  0.00  0.00  0.00  0.00
  GM-824_42               1.00   1.00  0.00  0.00  0.00  0.00  0.00  0.00  0.00  0.00
  GM-824_43               1.00   1.00  0.00  0.00  0.00  0.00  0.00  0.00  0.00  0.00
  GM-824_44               1.00   1.00  0.00  0.00  0.00  0.00  0.00  0.00  0.00  0.00
  GM-824_45               1.00   1.00  0.00  0.00  0.00  0.00  0.00  0.00  0.00  0.00
  GM-824_46               1.00   1.00  0.00  0.00  0.00  0.00  0.00  0.00  0.00  0.00
  GM-824_47               1.00   1.00  0.00  0.00  0.00  0.00  0.00  0.00  0.00  0.00
  GM-824_48               1.00   1.00  0.00  0.00  0.00  0.00  0.00  0.00  0.00  0.00
  GM-824_49               1.00   1.00  0.00  0.00  0.00  0.00  0.00  0.00  0.00  0.00
  GM-824_5                1.00   1.00  0.00  0.00  0.00  0.00  0.00  0.00  0.00  0.00
  GM-824_50               1.00   1.00  0.00  0.00  0.00  0.00  0.00  0.00  0.00  0.00
  GM-824_51               1.00   1.00  0.00  0.00  0.00  0.00  0.00  0.00  0.00  0.00
  GM-824_52               1.00   1.00  0.00  0.00  0.00  0.00  0.00  0.00  0.00  0.00
  GM-824_53               1.00   1.00  0.00  0.00  0.00  0.00  0.00  0.00  0.00  0.00
  GM-824_54               1.00   1.00  0.00  0.00  0.00  0.00  0.00  0.00  0.00  0.00
  GM-824_55               1.00   1.00  0.00  0.00  0.00  0.00  0.00  0.00  0.00  0.00
  GM-824_56               1.00   1.00  0.00  0.00  0.00  0.00  0.00  0.00  0.00  0.00
  GM-824_57               1.00   1.00  0.00  0.00  0.00  0.00  0.00  0.00  0.00  0.00
  GM-824_58               1.00   1.00  0.00  0.00  0.00  0.00  0.00  0.00  0.00  0.00
  GM-824_59               1.22   1.00  0.00  0.00  0.00  0.00  0.00  0.00  0.00  0.00
  GM-824_6                1.00   1.00  0.00  0.00  0.00  0.00  0.00  0.00  0.00  0.00
  GM-824_60               1.00   1.00  0.00  0.00  0.00  0.00  0.00  0.00  0.00  0.00
  GM-824_61               1.00   1.00  0.00  0.00  0.00  0.00  0.00  0.00  0.00  0.00
  GM-824_62               1.00   1.00  0.00  0.00  0.00  0.00  0.00  0.00  0.00  0.00
  GM-824_63               4.35   1.00  0.00  0.00  0.00  0.00  0.00  0.00  0.00  0.00
  GM-824_64               1.00   1.00  0.00  0.00  0.00  0.00  0.00  0.00  0.00  0.00
  GM-824_65               1.00   1.00  0.00  0.00  0.00  0.00  0.00  0.00  0.00  0.00
  GM-824_66               1.00   1.00  0.00  0.00  0.00  0.00  0.00  0.00  0.00  0.00
  GM-824_67               1.00   1.00  0.00  0.00  0.00  0.00  0.00  0.00  0.00  0.00
  GM-824_68               1.00   1.00  0.00  0.00  0.00  0.00  0.00  0.00  0.00  0.00
  GM-824_69               1.00   1.00  0.00  0.00  0.00  0.00  0.00  0.00  0.00  0.00
  GM-824_7                1.00   1.00  0.00  0.00  0.00  0.00  0.00  0.00  0.00  0.00
  GM-824_70               1.00   1.00  0.00  0.00  0.00  0.00  0.00  0.00  0.00  0.00
  GM-824_71               1.00   1.00  0.00  0.00  0.00  0.00  0.00  0.00  0.00  0.00
  GM-824_72               1.00   1.00  0.00  0.00  0.00  0.00  0.00  0.00  0.00  0.00
  GM-824_73               1.00   1.00  0.00  0.00  0.00  0.00  0.00  0.00  0.00  0.00
  GM-824_74               1.00   1.00  0.00  0.00  0.00  0.00  0.00  0.00  0.00  0.00
  GM-824_75               1.00   1.00  0.00  0.00  0.00  0.00  0.00  0.00  0.00  0.00
  GM-824_76               1.00   1.00  0.00  0.00  0.00  0.00  0.00  0.00  0.00  0.00
  GM-824_77               1.00   1.00  0.00  0.00  0.00  0.00  0.00  0.00  0.00  0.00
  GM-824_78               1.00   1.00  0.00  0.00  0.00  0.00  0.00  0.00  0.00  0.00
  GM-824_79               1.00   1.00  0.00  0.00  0.00  0.00  0.00  0.00  0.00  0.00
  GM-824_8                1.00   1.00  0.00  0.00  0.00  0.00  0.00  0.00  0.00  0.00
  GM-824_80               1.00   1.00  0.00  0.00  0.00  0.00  0.00  0.00  0.00  0.00
  GM-824_81               1.00   1.00  0.00  0.00  0.00  0.00  0.00  0.00  0.00  0.00
  GM-824_82               1.00   1.00  0.00  0.00  0.00  0.00  0.00  0.00  0.00  0.00
  GM-824_83               1.03   1.00  0.00  0.00  0.00  0.00  0.00  0.00  0.00  0.00
  GM-824_84               1.00   1.00  0.00  0.00  0.00  0.00  0.00  0.00  0.00  0.00
  GM-824_85               1.00   1.00  0.00  0.00  0.00  0.00  0.00  0.00  0.00  0.00
  GM-824_86               1.00   1.00  0.00  0.00  0.00  0.00  0.00  0.00  0.00  0.00
  GM-824_87               2.58   1.00  0.00  0.00  0.00  0.00  0.00  0.00  0.00  0.00
  GM-824_88               1.00   1.00  0.00  0.00  0.00  0.00  0.00  0.00  0.00  0.00
  GM-824_89               1.99   1.00  0.00  0.00  0.00  0.00  0.00  0.00  0.00  0.00
  GM-824_9                1.00   1.00  0.00  0.00  0.00  0.00  0.00  0.00  0.00  0.00
  GM-824_90               1.00   1.00  0.00  0.00  0.00  0.00  0.00  0.00  0.00  0.00
  GM-824_91               1.00   1.00  0.00  0.00  0.00  0.00  0.00  0.00  0.00  0.00
  GM-824_92               1.00   1.00  0.00  0.00  0.00  0.00  0.00  0.00  0.00  0.00
  GM-824_93               1.00   1.00  0.00  0.00  0.00  0.00  0.00  0.00  0.00  0.00
  GM-824_94               1.00   1.00  0.00  0.00  0.00  0.00  0.00  0.00  0.00  0.00
  GM-824_95               1.00   1.00  0.00  0.00  0.00  0.00  0.00  0.00  0.00  0.00
  GM-824_96               1.00   1.00  0.00  0.00  0.00  0.00  0.00  0.00  0.00  0.00
  GM-824_97               1.00   1.00  0.00  0.00  0.00  0.00  0.00  0.00  0.00  0.00
  GM-824_98               1.00   1.00  0.00  0.00  0.00  0.00  0.00  0.00  0.00  0.00
  GM-824_99               1.00   1.00  0.00  0.00  0.00  0.00  0.00  0.00  0.00  0.00
  GM-825_10               5.05   1.00  0.00  0.00  0.00  0.00  0.00  0.00  0.00  0.00
  GM-825_11               3.43   1.00  0.00  0.00  0.00  0.00  0.00  0.00  0.00  0.00
  GM-825_12               1.00   1.00  0.00  0.00  0.00  0.00  0.00  0.00  0.00  0.00
  GM-825_13               1.00   1.00  0.00  0.00  0.00  0.00  0.00  0.00  0.00  0.00
  GM-825_14               1.00   1.00  0.00  0.00  0.00  0.00  0.00  0.00  0.00  0.00
  GM-825_2                1.00   1.00  0.00  0.00  0.00  0.00  0.00  0.00  0.00  0.00
  GM-825_3                1.29   1.00  0.00  0.00  0.00  0.00  0.00  0.00  0.00  0.00
  GM-825_4                1.00   1.00  0.00  0.00  0.00  0.00  0.00  0.00  0.00  0.00
  GM-825_5                1.08   1.00  0.00  0.00  0.00  0.00  0.00  0.00  0.00  0.00
  GM-825_6                1.00   1.00  0.00  0.00  0.00  0.00  0.00  0.00  0.00  0.00
  GM-825_7                1.00   1.00  0.00  0.00  0.00  0.00  0.00  0.00  0.00  0.00
  GM-825_8               21.43   1.00  0.00  0.00  0.00  0.00  0.00  0.00  0.00  0.00
  GM-825_9                1.00   1.00  0.00  0.00  0.00  0.00  0.00  0.00  0.00  0.00
  GM-919_1                1.00   1.00  0.00  0.00  0.00  0.00  0.00  0.00  0.00  0.00
  GM-919_10               3.08   1.00  0.00  0.00  0.00  0.00  0.00  0.00  0.00  0.00
  GM-919_100              1.00   1.00  0.00  0.00  0.00  0.00  0.00  0.00  0.00  0.00
  GM-919_101              1.00   1.00  0.00  0.00  0.00  0.00  0.00  0.00  0.00  0.00
  GM-919_102              1.00   1.00  0.00  0.00  0.00  0.00  0.00  0.00  0.00  0.00
  GM-919_103              1.00   1.00  0.00  0.00  0.00  0.00  0.00  0.00  0.00  0.00
  GM-919_104              1.00   1.00  0.00  0.00  0.00  0.00  0.00  0.00  0.00  0.00
  GM-919_105              1.00   1.00  0.00  0.00  0.00  0.00  0.00  0.00  0.00  0.00
  GM-919_106              1.00   1.00  0.00  0.00  0.00  0.00  0.00  0.00  0.00  0.00
  GM-919_107              1.00   1.00  0.00  0.00  0.00  0.00  0.00  0.00  0.00  0.00
  GM-919_108              1.00   1.00  0.00  0.00  0.00  0.00  0.00  0.00  0.00  0.00
  GM-919_109              1.00   1.00  0.00  0.00  0.00  0.00  0.00  0.00  0.00  0.00
  GM-919_11               1.00   1.00  0.00  0.00  0.00  0.00  0.00  0.00  0.00  0.00
  GM-919_110              1.00   1.00  0.00  0.00  0.00  0.00  0.00  0.00  0.00  0.00
  GM-919_111              1.00   1.00  0.00  0.00  0.00  0.00  0.00  0.00  0.00  0.00
  GM-919_112              1.00   1.00  0.00  0.00  0.00  0.00  0.00  0.00  0.00  0.00
  GM-919_113              1.00   1.00  0.00  0.00  0.00  0.00  0.00  0.00  0.00  0.00
  GM-919_114              1.00   1.00  0.00  0.00  0.00  0.00  0.00  0.00  0.00  0.00
  GM-919_115              1.00   1.00  0.00  0.00  0.00  0.00  0.00  0.00  0.00  0.00
  GM-919_116              1.00   1.00  0.00  0.00  0.00  0.00  0.00  0.00  0.00  0.00
  GM-919_117              1.00   1.00  0.00  0.00  0.00  0.00  0.00  0.00  0.00  0.00
  GM-919_118              1.00   1.00  0.00  0.00  0.00  0.00  0.00  0.00  0.00  0.00
  GM-919_119              1.00   1.00  0.00  0.00  0.00  0.00  0.00  0.00  0.00  0.00
  GM-919_12               1.00   1.00  0.00  0.00  0.00  0.00  0.00  0.00  0.00  0.00
  GM-919_120              1.00   1.00  0.00  0.00  0.00  0.00  0.00  0.00  0.00  0.00
  GM-919_121              1.00   1.00  0.00  0.00  0.00  0.00  0.00  0.00  0.00  0.00
  GM-919_122              1.00   1.00  0.00  0.00  0.00  0.00  0.00  0.00  0.00  0.00
  GM-919_123              1.80   1.00  0.00  0.00  0.00  0.00  0.00  0.00  0.00  0.00
  GM-919_124              1.00   1.00  0.00  0.00  0.00  0.00  0.00  0.00  0.00  0.00
  GM-919_125              1.00   1.00  0.00  0.00  0.00  0.00  0.00  0.00  0.00  0.00
  GM-919_126              1.00   1.00  0.00  0.00  0.00  0.00  0.00  0.00  0.00  0.00
  GM-919_127              1.00   1.00  0.00  0.00  0.00  0.00  0.00  0.00  0.00  0.00
  GM-919_128              1.00   1.00  0.00  0.00  0.00  0.00  0.00  0.00  0.00  0.00
  GM-919_129              1.00   1.00  0.00  0.00  0.00  0.00  0.00  0.00  0.00  0.00
  GM-919_13               1.00   1.00  0.00  0.00  0.00  0.00  0.00  0.00  0.00  0.00
  GM-919_130              1.00   1.00  0.00  0.00  0.00  0.00  0.00  0.00  0.00  0.00
  GM-919_131              1.54   1.00  0.00  0.00  0.00  0.00  0.00  0.00  0.00  0.00
  GM-919_132              1.00   1.00  0.00  0.00  0.00  0.00  0.00  0.00  0.00  0.00
  GM-919_133              1.00   1.00  0.00  0.00  0.00  0.00  0.00  0.00  0.00  0.00
  GM-919_134              1.00   1.00  0.00  0.00  0.00  0.00  0.00  0.00  0.00  0.00
  GM-919_135              1.00   1.00  0.00  0.00  0.00  0.00  0.00  0.00  0.00  0.00
  GM-919_136              1.00   1.00  0.00  0.00  0.00  0.00  0.00  0.00  0.00  0.00
  GM-919_137              1.00   1.00  0.00  0.00  0.00  0.00  0.00  0.00  0.00  0.00
  GM-919_138              1.00   1.00  0.00  0.00  0.00  0.00  0.00  0.00  0.00  0.00
  GM-919_139              1.00   1.00  0.00  0.00  0.00  0.00  0.00  0.00  0.00  0.00
  GM-919_14               1.00   1.00  0.00  0.00  0.00  0.00  0.00  0.00  0.00  0.00
  GM-919_140              1.00   1.00  0.00  0.00  0.00  0.00  0.00  0.00  0.00  0.00
  GM-919_141              1.00   1.00  0.00  0.00  0.00  0.00  0.00  0.00  0.00  0.00
  GM-919_142              1.00   1.00  0.00  0.00  0.00  0.00  0.00  0.00  0.00  0.00
  GM-919_143              1.00   1.00  0.00  0.00  0.00  0.00  0.00  0.00  0.00  0.00
  GM-919_144              1.00   1.00  0.00  0.00  0.00  0.00  0.00  0.00  0.00  0.00
  GM-919_145              1.00   1.00  0.00  0.00  0.00  0.00  0.00  0.00  0.00  0.00
  GM-919_146              1.00   1.00  0.00  0.00  0.00  0.00  0.00  0.00  0.00  0.00
  GM-919_147              1.00   1.00  0.00  0.00  0.00  0.00  0.00  0.00  0.00  0.00
  GM-919_148              1.00   1.00  0.00  0.00  0.00  0.00  0.00  0.00  0.00  0.00
  GM-919_149              1.00   1.00  0.00  0.00  0.00  0.00  0.00  0.00  0.00  0.00
  GM-919_15               1.00   1.00  0.00  0.00  0.00  0.00  0.00  0.00  0.00  0.00
  GM-919_150              1.00   1.00  0.00  0.00  0.00  0.00  0.00  0.00  0.00  0.00
  GM-919_151              1.00   1.00  0.00  0.00  0.00  0.00  0.00  0.00  0.00  0.00
  GM-919_152              3.00   1.00  0.00  0.00  0.00  0.00  0.00  0.00  0.00  0.00
  GM-919_153              1.00   1.00  0.00  0.00  0.00  0.00  0.00  0.00  0.00  0.00
  GM-919_154              1.00   1.00  0.00  0.00  0.00  0.00  0.00  0.00  0.00  0.00
  GM-919_155              1.00   1.00  0.00  0.00  0.00  0.00  0.00  0.00  0.00  0.00
  GM-919_156              1.00   1.00  0.00  0.00  0.00  0.00  0.00  0.00  0.00  0.00
  GM-919_157              1.00   1.00  0.00  0.00  0.00  0.00  0.00  0.00  0.00  0.00
  GM-919_158              1.00   1.00  0.00  0.00  0.00  0.00  0.00  0.00  0.00  0.00
  GM-919_159              1.00   1.00  0.00  0.00  0.00  0.00  0.00  0.00  0.00  0.00
  GM-919_16               1.00   1.00  0.00  0.00  0.00  0.00  0.00  0.00  0.00  0.00
  GM-919_160              1.00   1.00  0.00  0.00  0.00  0.00  0.00  0.00  0.00  0.00
  GM-919_161              1.00   1.00  0.00  0.00  0.00  0.00  0.00  0.00  0.00  0.00
  GM-919_162              1.00   1.00  0.00  0.00  0.00  0.00  0.00  0.00  0.00  0.00
  GM-919_163              1.00   1.00  0.00  0.00  0.00  0.00  0.00  0.00  0.00  0.00
  GM-919_164              1.00   1.00  0.00  0.00  0.00  0.00  0.00  0.00  0.00  0.00
  GM-919_165              1.00   1.00  0.00  0.00  0.00  0.00  0.00  0.00  0.00  0.00
  GM-919_166              1.00   1.00  0.00  0.00  0.00  0.00  0.00  0.00  0.00  0.00
  GM-919_167              1.00   1.00  0.00  0.00  0.00  0.00  0.00  0.00  0.00  0.00
  GM-919_168              1.00   1.00  0.00  0.00  0.00  0.00  0.00  0.00  0.00  0.00
  GM-919_169              1.00   1.00  0.00  0.00  0.00  0.00  0.00  0.00  0.00  0.00
  GM-919_17               1.52   1.00  0.00  0.00  0.00  0.00  0.00  0.00  0.00  0.00
  GM-919_170              1.00   1.00  0.00  0.00  0.00  0.00  0.00  0.00  0.00  0.00
  GM-919_171              1.00   1.00  0.00  0.00  0.00  0.00  0.00  0.00  0.00  0.00
  GM-919_172              1.00   1.00  0.00  0.00  0.00  0.00  0.00  0.00  0.00  0.00
  GM-919_173              1.00   1.00  0.00  0.00  0.00  0.00  0.00  0.00  0.00  0.00
  GM-919_174              1.00   1.00  0.00  0.00  0.00  0.00  0.00  0.00  0.00  0.00
  GM-919_175              1.00   1.00  0.00  0.00  0.00  0.00  0.00  0.00  0.00  0.00
  GM-919_176              1.00   1.00  0.00  0.00  0.00  0.00  0.00  0.00  0.00  0.00
  GM-919_177              1.00   1.00  0.00  0.00  0.00  0.00  0.00  0.00  0.00  0.00
  GM-919_178              1.00   1.00  0.00  0.00  0.00  0.00  0.00  0.00  0.00  0.00
  GM-919_179              4.28   1.00  0.00  0.00  0.00  0.00  0.00  0.00  0.00  0.00
  GM-919_18               1.00   1.00  0.00  0.00  0.00  0.00  0.00  0.00  0.00  0.00
  GM-919_180              1.00   1.00  0.00  0.00  0.00  0.00  0.00  0.00  0.00  0.00
  GM-919_181              1.00   1.00  0.00  0.00  0.00  0.00  0.00  0.00  0.00  0.00
  GM-919_182              1.00   1.00  0.00  0.00  0.00  0.00  0.00  0.00  0.00  0.00
  GM-919_183              3.37   1.00  0.00  0.00  0.00  0.00  0.00  0.00  0.00  0.00
  GM-919_184              1.00   1.00  0.00  0.00  0.00  0.00  0.00  0.00  0.00  0.00
  GM-919_185              1.00   1.00  0.00  0.00  0.00  0.00  0.00  0.00  0.00  0.00
  GM-919_186              1.00   1.00  0.00  0.00  0.00  0.00  0.00  0.00  0.00  0.00
  GM-919_187              4.02   1.00  0.00  0.00  0.00  0.00  0.00  0.00  0.00  0.00
  GM-919_188             19.16   1.00  0.00  0.00  0.00  0.00  0.00  0.00  0.00  0.00
  GM-919_189              1.00   1.00  0.00  0.00  0.00  0.00  0.00  0.00  0.00  0.00
  GM-919_19               1.00   1.00  0.00  0.00  0.00  0.00  0.00  0.00  0.00  0.00
  GM-919_190              6.09   1.00  0.00  0.00  0.00  0.00  0.00  0.00  0.00  0.00
  GM-919_191              1.00   1.00  0.00  0.00  0.00  0.00  0.00  0.00  0.00  0.00
  GM-919_192              1.00   1.00  0.00  0.00  0.00  0.00  0.00  0.00  0.00  0.00
  GM-919_193              1.00   1.00  0.00  0.00  0.00  0.00  0.00  0.00  0.00  0.00
  GM-919_194              1.00   1.00  0.00  0.00  0.00  0.00  0.00  0.00  0.00  0.00
  GM-919_195              1.00   1.00  0.00  0.00  0.00  0.00  0.00  0.00  0.00  0.00
  GM-919_196              1.00   1.00  0.00  0.00  0.00  0.00  0.00  0.00  0.00  0.00
  GM-919_197              1.00   1.00  0.00  0.00  0.00  0.00  0.00  0.00  0.00  0.00
  GM-919_198              1.00   1.00  0.00  0.00  0.00  0.00  0.00  0.00  0.00  0.00
  GM-919_199              1.00   1.00  0.00  0.00  0.00  0.00  0.00  0.00  0.00  0.00
  GM-919_2                1.00   1.00  0.00  0.00  0.00  0.00  0.00  0.00  0.00  0.00
  GM-919_20               1.00   1.00  0.00  0.00  0.00  0.00  0.00  0.00  0.00  0.00
  GM-919_200              1.00   1.00  0.00  0.00  0.00  0.00  0.00  0.00  0.00  0.00
  GM-919_201              1.00   1.00  0.00  0.00  0.00  0.00  0.00  0.00  0.00  0.00
  GM-919_202              1.00   1.00  0.00  0.00  0.00  0.00  0.00  0.00  0.00  0.00
  GM-919_203              1.00   1.00  0.00  0.00  0.00  0.00  0.00  0.00  0.00  0.00
  GM-919_204              1.00   1.00  0.00  0.00  0.00  0.00  0.00  0.00  0.00  0.00
  GM-919_205              1.00   1.00  0.00  0.00  0.00  0.00  0.00  0.00  0.00  0.00
  GM-919_206              1.00   1.00  0.00  0.00  0.00  0.00  0.00  0.00  0.00  0.00
  GM-919_207              1.00   1.00  0.00  0.00  0.00  0.00  0.00  0.00  0.00  0.00
  GM-919_208              1.00   1.00  0.00  0.00  0.00  0.00  0.00  0.00  0.00  0.00
  GM-919_209              1.00   1.00  0.00  0.00  0.00  0.00  0.00  0.00  0.00  0.00
  GM-919_21               1.00   1.00  0.00  0.00  0.00  0.00  0.00  0.00  0.00  0.00
  GM-919_210              1.25   1.00  0.00  0.00  0.00  0.00  0.00  0.00  0.00  0.00
  GM-919_211              1.00   1.00  0.00  0.00  0.00  0.00  0.00  0.00  0.00  0.00
  GM-919_212              1.00   1.00  0.00  0.00  0.00  0.00  0.00  0.00  0.00  0.00
  GM-919_213              1.00   1.00  0.00  0.00  0.00  0.00  0.00  0.00  0.00  0.00
  GM-919_214              1.00   1.00  0.00  0.00  0.00  0.00  0.00  0.00  0.00  0.00
  GM-919_215              1.00   1.00  0.00  0.00  0.00  0.00  0.00  0.00  0.00  0.00
  GM-919_216              1.00   1.00  0.00  0.00  0.00  0.00  0.00  0.00  0.00  0.00
  GM-919_217              1.00   1.00  0.00  0.00  0.00  0.00  0.00  0.00  0.00  0.00
  GM-919_218              1.00   1.00  0.00  0.00  0.00  0.00  0.00  0.00  0.00  0.00
  GM-919_219              1.00   1.00  0.00  0.00  0.00  0.00  0.00  0.00  0.00  0.00
  GM-919_22               1.00   1.00  0.00  0.00  0.00  0.00  0.00  0.00  0.00  0.00
  GM-919_220              1.00   1.00  0.00  0.00  0.00  0.00  0.00  0.00  0.00  0.00
  GM-919_221              1.00   1.00  0.00  0.00  0.00  0.00  0.00  0.00  0.00  0.00
  GM-919_222              1.00   1.00  0.00  0.00  0.00  0.00  0.00  0.00  0.00  0.00
  GM-919_223              1.00   1.00  0.00  0.00  0.00  0.00  0.00  0.00  0.00  0.00
  GM-919_224              1.00   1.00  0.00  0.00  0.00  0.00  0.00  0.00  0.00  0.00
  GM-919_225              1.00   1.00  0.00  0.00  0.00  0.00  0.00  0.00  0.00  0.00
  GM-919_226              1.00   1.00  0.00  0.00  0.00  0.00  0.00  0.00  0.00  0.00
  GM-919_227              1.00   1.00  0.00  0.00  0.00  0.00  0.00  0.00  0.00  0.00
  GM-919_228              1.00   1.00  0.00  0.00  0.00  0.00  0.00  0.00  0.00  0.00
  GM-919_229              5.86   1.00  0.00  0.00  0.00  0.00  0.00  0.00  0.00  0.00
  GM-919_23               1.00   1.00  0.00  0.00  0.00  0.00  0.00  0.00  0.00  0.00
  GM-919_230              1.44   1.00  0.00  0.00  0.00  0.00  0.00  0.00  0.00  0.00
  GM-919_231              1.00   1.00  0.00  0.00  0.00  0.00  0.00  0.00  0.00  0.00
  GM-919_232              1.00   1.00  0.00  0.00  0.00  0.00  0.00  0.00  0.00  0.00
  GM-919_233              1.00   1.00  0.00  0.00  0.00  0.00  0.00  0.00  0.00  0.00
  GM-919_234              1.00   1.00  0.00  0.00  0.00  0.00  0.00  0.00  0.00  0.00
  GM-919_24               1.00   1.00  0.00  0.00  0.00  0.00  0.00  0.00  0.00  0.00
  GM-919_25               1.00   1.00  0.00  0.00  0.00  0.00  0.00  0.00  0.00  0.00
  GM-919_26               1.00   1.00  0.00  0.00  0.00  0.00  0.00  0.00  0.00  0.00
  GM-919_27               1.00   1.00  0.00  0.00  0.00  0.00  0.00  0.00  0.00  0.00
  GM-919_28               1.00   1.00  0.00  0.00  0.00  0.00  0.00  0.00  0.00  0.00
  GM-919_29               1.00   1.00  0.00  0.00  0.00  0.00  0.00  0.00  0.00  0.00
  GM-919_3                1.00   1.00  0.00  0.00  0.00  0.00  0.00  0.00  0.00  0.00
  GM-919_30               1.00   1.00  0.00  0.00  0.00  0.00  0.00  0.00  0.00  0.00
  GM-919_31               1.00   1.00  0.00  0.00  0.00  0.00  0.00  0.00  0.00  0.00
  GM-919_32               1.00   1.00  0.00  0.00  0.00  0.00  0.00  0.00  0.00  0.00
  GM-919_33               1.00   1.00  0.00  0.00  0.00  0.00  0.00  0.00  0.00  0.00
  GM-919_34               1.00   1.00  0.00  0.00  0.00  0.00  0.00  0.00  0.00  0.00
  GM-919_35               1.00   1.00  0.00  0.00  0.00  0.00  0.00  0.00  0.00  0.00
  GM-919_36               1.00   1.00  0.00  0.00  0.00  0.00  0.00  0.00  0.00  0.00
  GM-919_37               1.00   1.00  0.00  0.00  0.00  0.00  0.00  0.00  0.00  0.00
  GM-919_38               1.00   1.00  0.00  0.00  0.00  0.00  0.00  0.00  0.00  0.00
  GM-919_39               1.00   1.00  0.00  0.00  0.00  0.00  0.00  0.00  0.00  0.00
  GM-919_4                1.00   1.00  0.00  0.00  0.00  0.00  0.00  0.00  0.00  0.00
  GM-919_40               1.00   1.00  0.00  0.00  0.00  0.00  0.00  0.00  0.00  0.00
  GM-919_41               1.00   1.00  0.00  0.00  0.00  0.00  0.00  0.00  0.00  0.00
  GM-919_42               1.00   1.00  0.00  0.00  0.00  0.00  0.00  0.00  0.00  0.00
  GM-919_43               2.57   1.00  0.00  0.00  0.00  0.00  0.00  0.00  0.00  0.00
  GM-919_44               1.00   1.00  0.00  0.00  0.00  0.00  0.00  0.00  0.00  0.00
  GM-919_45               1.00   1.00  0.00  0.00  0.00  0.00  0.00  0.00  0.00  0.00
  GM-919_46               1.00   1.00  0.00  0.00  0.00  0.00  0.00  0.00  0.00  0.00
  GM-919_47               1.00   1.00  0.00  0.00  0.00  0.00  0.00  0.00  0.00  0.00
  GM-919_48               1.00   1.00  0.00  0.00  0.00  0.00  0.00  0.00  0.00  0.00
  GM-919_49               1.00   1.00  0.00  0.00  0.00  0.00  0.00  0.00  0.00  0.00
  GM-919_5                1.00   1.00  0.00  0.00  0.00  0.00  0.00  0.00  0.00  0.00
  GM-919_50               1.00   1.00  0.00  0.00  0.00  0.00  0.00  0.00  0.00  0.00
  GM-919_51               1.00   1.00  0.00  0.00  0.00  0.00  0.00  0.00  0.00  0.00
  GM-919_52               1.00   1.00  0.00  0.00  0.00  0.00  0.00  0.00  0.00  0.00
  GM-919_53               1.00   1.00  0.00  0.00  0.00  0.00  0.00  0.00  0.00  0.00
  GM-919_54               1.00   1.00  0.00  0.00  0.00  0.00  0.00  0.00  0.00  0.00
  GM-919_55               1.00   1.00  0.00  0.00  0.00  0.00  0.00  0.00  0.00  0.00
  GM-919_56               1.00   1.00  0.00  0.00  0.00  0.00  0.00  0.00  0.00  0.00
  GM-919_57               1.00   1.00  0.00  0.00  0.00  0.00  0.00  0.00  0.00  0.00
  GM-919_58               1.00   1.00  0.00  0.00  0.00  0.00  0.00  0.00  0.00  0.00
  GM-919_59               1.00   1.00  0.00  0.00  0.00  0.00  0.00  0.00  0.00  0.00
  GM-919_6                1.00   1.00  0.00  0.00  0.00  0.00  0.00  0.00  0.00  0.00
  GM-919_60               5.38   1.00  0.00  0.00  0.00  0.00  0.00  0.00  0.00  0.00
  GM-919_61               1.00   1.00  0.00  0.00  0.00  0.00  0.00  0.00  0.00  0.00
  GM-919_63               1.00   1.00  0.00  0.00  0.00  0.00  0.00  0.00  0.00  0.00
  GM-919_64               3.98   1.00  0.00  0.00  0.00  0.00  0.00  0.00  0.00  0.00
  GM-919_65               1.00   1.00  0.00  0.00  0.00  0.00  0.00  0.00  0.00  0.00
  GM-919_66               1.00   1.00  0.00  0.00  0.00  0.00  0.00  0.00  0.00  0.00
  GM-919_67               1.00   1.00  0.00  0.00  0.00  0.00  0.00  0.00  0.00  0.00
  GM-919_68               1.00   1.00  0.00  0.00  0.00  0.00  0.00  0.00  0.00  0.00
  GM-919_69               1.00   1.00  0.00  0.00  0.00  0.00  0.00  0.00  0.00  0.00
  GM-919_7                1.00   1.00  0.00  0.00  0.00  0.00  0.00  0.00  0.00  0.00
  GM-919_70               1.00   1.00  0.00  0.00  0.00  0.00  0.00  0.00  0.00  0.00
  GM-919_71               1.00   1.00  0.00  0.00  0.00  0.00  0.00  0.00  0.00  0.00
  GM-919_72               1.00   1.00  0.00  0.00  0.00  0.00  0.00  0.00  0.00  0.00
  GM-919_73               1.00   1.00  0.00  0.00  0.00  0.00  0.00  0.00  0.00  0.00
  GM-919_74               1.00   1.00  0.00  0.00  0.00  0.00  0.00  0.00  0.00  0.00
  GM-919_75               1.00   1.00  0.00  0.00  0.00  0.00  0.00  0.00  0.00  0.00
  GM-919_76               2.14   1.00  0.00  0.00  0.00  0.00  0.00  0.00  0.00  0.00
  GM-919_77               1.00   1.00  0.00  0.00  0.00  0.00  0.00  0.00  0.00  0.00
  GM-919_78               1.00   1.00  0.00  0.00  0.00  0.00  0.00  0.00  0.00  0.00
  GM-919_79               1.00   1.00  0.00  0.00  0.00  0.00  0.00  0.00  0.00  0.00
  GM-919_8                1.00   1.00  0.00  0.00  0.00  0.00  0.00  0.00  0.00  0.00
  GM-919_80               1.00   1.00  0.00  0.00  0.00  0.00  0.00  0.00  0.00  0.00
  GM-919_81               1.00   1.00  0.00  0.00  0.00  0.00  0.00  0.00  0.00  0.00
  GM-919_82               1.00   1.00  0.00  0.00  0.00  0.00  0.00  0.00  0.00  0.00
  GM-919_83               1.00   1.00  0.00  0.00  0.00  0.00  0.00  0.00  0.00  0.00
  GM-919_84               1.00   1.00  0.00  0.00  0.00  0.00  0.00  0.00  0.00  0.00
  GM-919_85               1.00   1.00  0.00  0.00  0.00  0.00  0.00  0.00  0.00  0.00
  GM-919_86               1.00   1.00  0.00  0.00  0.00  0.00  0.00  0.00  0.00  0.00
  GM-919_87               1.00   1.00  0.00  0.00  0.00  0.00  0.00  0.00  0.00  0.00
  GM-919_88               1.00   1.00  0.00  0.00  0.00  0.00  0.00  0.00  0.00  0.00
  GM-919_89               1.00   1.00  0.00  0.00  0.00  0.00  0.00  0.00  0.00  0.00
  GM-919_9                1.00   1.00  0.00  0.00  0.00  0.00  0.00  0.00  0.00  0.00
  GM-919_90               1.00   1.00  0.00  0.00  0.00  0.00  0.00  0.00  0.00  0.00
  GM-919_91               1.00   1.00  0.00  0.00  0.00  0.00  0.00  0.00  0.00  0.00
  GM-919_92               1.00   1.00  0.00  0.00  0.00  0.00  0.00  0.00  0.00  0.00
  GM-919_93               1.00   1.00  0.00  0.00  0.00  0.00  0.00  0.00  0.00  0.00
  GM-919_94               1.00   1.00  0.00  0.00  0.00  0.00  0.00  0.00  0.00  0.00
  GM-919_95               1.00   1.00  0.00  0.00  0.00  0.00  0.00  0.00  0.00  0.00
  GM-919_96               1.00   1.00  0.00  0.00  0.00  0.00  0.00  0.00  0.00  0.00
  GM-919_97               1.00   1.00  0.00  0.00  0.00  0.00  0.00  0.00  0.00  0.00
  GM-919_98               1.00   1.00  0.00  0.00  0.00  0.00  0.00  0.00  0.00  0.00
  GM-919_99               1.00   1.00  0.00  0.00  0.00  0.00  0.00  0.00  0.00  0.00
  GM-920_1               27.03   1.00  0.00  0.00  0.00  0.00  0.00  0.00  0.00  0.00
  GM-920_10               1.00   1.00  0.00  0.00  0.00  0.00  0.00  0.00  0.00  0.00
  GM-920_11               1.00   1.00  0.00  0.00  0.00  0.00  0.00  0.00  0.00  0.00
  GM-920_12               1.00   1.00  0.00  0.00  0.00  0.00  0.00  0.00  0.00  0.00
  GM-920_13               1.00   1.00  0.00  0.00  0.00  0.00  0.00  0.00  0.00  0.00
  GM-920_14               1.00   1.00  0.00  0.00  0.00  0.00  0.00  0.00  0.00  0.00
  GM-920_15               1.00   1.00  0.00  0.00  0.00  0.00  0.00  0.00  0.00  0.00
  GM-920_16               1.00   1.00  0.00  0.00  0.00  0.00  0.00  0.00  0.00  0.00
  GM-920_17               1.00   1.00  0.00  0.00  0.00  0.00  0.00  0.00  0.00  0.00
  GM-920_18               1.00   1.00  0.00  0.00  0.00  0.00  0.00  0.00  0.00  0.00
  GM-920_19               1.00   1.00  0.00  0.00  0.00  0.00  0.00  0.00  0.00  0.00
  GM-920_2                1.00   1.00  0.00  0.00  0.00  0.00  0.00  0.00  0.00  0.00
  GM-920_20               1.00   1.00  0.00  0.00  0.00  0.00  0.00  0.00  0.00  0.00
  GM-920_21               1.11   1.00  0.00  0.00  0.00  0.00  0.00  0.00  0.00  0.00
  GM-920_22               1.00   1.00  0.00  0.00  0.00  0.00  0.00  0.00  0.00  0.00
  GM-920_23               1.00   1.00  0.00  0.00  0.00  0.00  0.00  0.00  0.00  0.00
  GM-920_24               1.00   1.00  0.00  0.00  0.00  0.00  0.00  0.00  0.00  0.00
  GM-920_25               1.00   1.00  0.00  0.00  0.00  0.00  0.00  0.00  0.00  0.00
  GM-920_26               1.00   1.00  0.00  0.00  0.00  0.00  0.00  0.00  0.00  0.00
  GM-920_27               1.00   1.00  0.00  0.00  0.00  0.00  0.00  0.00  0.00  0.00
  GM-920_28               1.00   1.00  0.00  0.00  0.00  0.00  0.00  0.00  0.00  0.00
  GM-920_29               1.00   1.00  0.00  0.00  0.00  0.00  0.00  0.00  0.00  0.00
  GM-920_3                1.00   1.00  0.00  0.00  0.00  0.00  0.00  0.00  0.00  0.00
  GM-920_30               1.00   1.00  0.00  0.00  0.00  0.00  0.00  0.00  0.00  0.00
  GM-920_31               1.00   1.00  0.00  0.00  0.00  0.00  0.00  0.00  0.00  0.00
  GM-920_32               1.00   1.00  0.00  0.00  0.00  0.00  0.00  0.00  0.00  0.00
  GM-920_33               1.00   1.00  0.00  0.00  0.00  0.00  0.00  0.00  0.00  0.00
  GM-920_34               1.00   1.00  0.00  0.00  0.00  0.00  0.00  0.00  0.00  0.00
  GM-920_35               1.00   1.00  0.00  0.00  0.00  0.00  0.00  0.00  0.00  0.00
  GM-920_36               1.00   1.00  0.00  0.00  0.00  0.00  0.00  0.00  0.00  0.00
  GM-920_37               1.00   1.00  0.00  0.00  0.00  0.00  0.00  0.00  0.00  0.00
  GM-920_38               1.00   1.00  0.00  0.00  0.00  0.00  0.00  0.00  0.00  0.00
  GM-920_39               1.00   1.00  0.00  0.00  0.00  0.00  0.00  0.00  0.00  0.00
  GM-920_4                1.00   1.00  0.00  0.00  0.00  0.00  0.00  0.00  0.00  0.00
  GM-920_40               1.00   1.00  0.00  0.00  0.00  0.00  0.00  0.00  0.00  0.00
  GM-920_41               1.00   1.00  0.00  0.00  0.00  0.00  0.00  0.00  0.00  0.00
  GM-920_42               1.00   1.00  0.00  0.00  0.00  0.00  0.00  0.00  0.00  0.00
  GM-920_43               1.00   1.00  0.00  0.00  0.00  0.00  0.00  0.00  0.00  0.00
  GM-920_44               1.00   1.00  0.00  0.00  0.00  0.00  0.00  0.00  0.00  0.00
  GM-920_45               1.00   1.00  0.00  0.00  0.00  0.00  0.00  0.00  0.00  0.00
  GM-920_46               1.00   1.00  0.00  0.00  0.00  0.00  0.00  0.00  0.00  0.00
  GM-920_47               1.00   1.00  0.00  0.00  0.00  0.00  0.00  0.00  0.00  0.00
  GM-920_48               1.00   1.00  0.00  0.00  0.00  0.00  0.00  0.00  0.00  0.00
  GM-920_49               1.00   1.00  0.00  0.00  0.00  0.00  0.00  0.00  0.00  0.00
  GM-920_5                1.00   1.00  0.00  0.00  0.00  0.00  0.00  0.00  0.00  0.00
  GM-920_50               2.08   1.00  0.00  0.00  0.00  0.00  0.00  0.00  0.00  0.00
  GM-920_51               1.00   1.00  0.00  0.00  0.00  0.00  0.00  0.00  0.00  0.00
  GM-920_52               1.00   1.00  0.00  0.00  0.00  0.00  0.00  0.00  0.00  0.00
  GM-920_53               1.00   1.00  0.00  0.00  0.00  0.00  0.00  0.00  0.00  0.00
  GM-920_54               1.00   1.00  0.00  0.00  0.00  0.00  0.00  0.00  0.00  0.00
  GM-920_55               1.64   1.00  0.00  0.00  0.00  0.00  0.00  0.00  0.00  0.00
  GM-920_57               1.00   1.00  0.00  0.00  0.00  0.00  0.00  0.00  0.00  0.00
  GM-920_58               1.00   1.00  0.00  0.00  0.00  0.00  0.00  0.00  0.00  0.00
  GM-920_59               1.00   1.00  0.00  0.00  0.00  0.00  0.00  0.00  0.00  0.00
  GM-920_6                1.00   1.00  0.00  0.00  0.00  0.00  0.00  0.00  0.00  0.00
  GM-920_60               1.00   1.00  0.00  0.00  0.00  0.00  0.00  0.00  0.00  0.00
  GM-920_61               1.00   1.00  0.00  0.00  0.00  0.00  0.00  0.00  0.00  0.00
  GM-920_62              11.97   1.00  0.00  0.00  0.00  0.00  0.00  0.00  0.00  0.00
  GM-920_63               1.00   1.00  0.00  0.00  0.00  0.00  0.00  0.00  0.00  0.00
  GM-920_64               1.00   1.00  0.00  0.00  0.00  0.00  0.00  0.00  0.00  0.00
  GM-920_65               1.00   1.00  0.00  0.00  0.00  0.00  0.00  0.00  0.00  0.00
  GM-920_66               1.00   1.00  0.00  0.00  0.00  0.00  0.00  0.00  0.00  0.00
  GM-920_7                1.00   1.00  0.00  0.00  0.00  0.00  0.00  0.00  0.00  0.00
  GM-920_8                1.00   1.00  0.00  0.00  0.00  0.00  0.00  0.00  0.00  0.00
  GM-920_9                1.00   1.00  0.00  0.00  0.00  0.00  0.00  0.00  0.00  0.00
  GM-928_105              1.00   1.00  0.00  0.00  0.00  0.00  0.00  0.00  0.00  0.00
  GM-928_107              1.00   1.00  0.00  0.00  0.00  0.00  0.00  0.00  0.00  0.00
  GM-928_118              1.00   1.00  0.00  0.00  0.00  0.00  0.00  0.00  0.00  0.00
  GM-928_13               1.00   1.00  0.00  0.00  0.00  0.00  0.00  0.00  0.00  0.00
  GM-928_18               1.00   1.00  0.00  0.00  0.00  0.00  0.00  0.00  0.00  0.00
  GM-928_27               1.00   1.00  0.00  0.00  0.00  0.00  0.00  0.00  0.00  0.00
  GM-928_28               1.00   1.00  0.00  0.00  0.00  0.00  0.00  0.00  0.00  0.00
  GM-928_36               1.00   1.00  0.00  0.00  0.00  0.00  0.00  0.00  0.00  0.00
  GM-928_43               1.00   1.00  0.00  0.00  0.00  0.00  0.00  0.00  0.00  0.00
  GM-928_47               1.00   1.00  0.00  0.00  0.00  0.00  0.00  0.00  0.00  0.00
  GM-928_49               1.00   1.00  0.00  0.00  0.00  0.00  0.00  0.00  0.00  0.00
  GM-928_50               1.00   1.00  0.00  0.00  0.00  0.00  0.00  0.00  0.00  0.00
  GM-928_53               1.00   1.00  0.00  0.00  0.00  0.00  0.00  0.00  0.00  0.00
  GM-928_58               1.00   1.00  0.00  0.00  0.00  0.00  0.00  0.00  0.00  0.00
  GM-928_6                1.00   1.00  0.00  0.00  0.00  0.00  0.00  0.00  0.00  0.00
  GM-928_65               1.00   1.00  0.00  0.00  0.00  0.00  0.00  0.00  0.00  0.00
  GM-928_66               1.00   1.00  0.00  0.00  0.00  0.00  0.00  0.00  0.00  0.00
  GM-928_67               1.00   1.00  0.00  0.00  0.00  0.00  0.00  0.00  0.00  0.00
  GM-928_69               1.00   1.00  0.00  0.00  0.00  0.00  0.00  0.00  0.00  0.00
  GM-928_76               1.00   1.00  0.00  0.00  0.00  0.00  0.00  0.00  0.00  0.00
  GM-928_81               1.00   1.00  0.00  0.00  0.00  0.00  0.00  0.00  0.00  0.00
  GM-928_86               1.00   1.00  0.00  0.00  0.00  0.00  0.00  0.00  0.00  0.00
  GM-928_87               1.00   1.00  0.00  0.00  0.00  0.00  0.00  0.00  0.00  0.00
  GM-928_88               1.00   1.00  0.00  0.00  0.00  0.00  0.00  0.00  0.00  0.00
  GM-928_89               1.00   1.00  0.00  0.00  0.00  0.00  0.00  0.00  0.00  0.00
  GM-928_90               1.00   1.00  0.00  0.00  0.00  0.00  0.00  0.00  0.00  0.00
  GM-928_91               1.00   1.00  0.00  0.00  0.00  0.00  0.00  0.00  0.00  0.00
  GM-928_92               1.00   1.00  0.00  0.00  0.00  0.00  0.00  0.00  0.00  0.00
  GM-928_98               1.00   1.00  0.00  0.00  0.00  0.00  0.00  0.00  0.00  0.00
  GM-929_1                1.00   1.00  0.00  0.00  0.00  0.00  0.00  0.00  0.00  0.00
  GM-929_10               1.57   1.00  0.00  0.00  0.00  0.00  0.00  0.00  0.00  0.00
  GM-929_100              1.00   1.00  0.00  0.00  0.00  0.00  0.00  0.00  0.00  0.00
  GM-929_101              1.00   1.00  0.00  0.00  0.00  0.00  0.00  0.00  0.00  0.00
  GM-929_102              1.00   1.00  0.00  0.00  0.00  0.00  0.00  0.00  0.00  0.00
  GM-929_103              1.00   1.00  0.00  0.00  0.00  0.00  0.00  0.00  0.00  0.00
  GM-929_104              1.00   1.00  0.00  0.00  0.00  0.00  0.00  0.00  0.00  0.00
  GM-929_105              1.00   1.00  0.00  0.00  0.00  0.00  0.00  0.00  0.00  0.00
  GM-929_106              1.00   1.00  0.00  0.00  0.00  0.00  0.00  0.00  0.00  0.00
  GM-929_107              1.00   1.00  0.00  0.00  0.00  0.00  0.00  0.00  0.00  0.00
  GM-929_108              1.00   1.00  0.00  0.00  0.00  0.00  0.00  0.00  0.00  0.00
  GM-929_109              1.00   1.00  0.00  0.00  0.00  0.00  0.00  0.00  0.00  0.00
  GM-929_11               1.00   1.00  0.00  0.00  0.00  0.00  0.00  0.00  0.00  0.00
  GM-929_110              1.00   1.00  0.00  0.00  0.00  0.00  0.00  0.00  0.00  0.00
  GM-929_111              1.00   1.00  0.00  0.00  0.00  0.00  0.00  0.00  0.00  0.00
  GM-929_112              1.00   1.00  0.00  0.00  0.00  0.00  0.00  0.00  0.00  0.00
  GM-929_114              1.00   1.00  0.00  0.00  0.00  0.00  0.00  0.00  0.00  0.00
  GM-929_115              1.00   1.00  0.00  0.00  0.00  0.00  0.00  0.00  0.00  0.00
  GM-929_116              1.00   1.00  0.00  0.00  0.00  0.00  0.00  0.00  0.00  0.00
  GM-929_118              1.00   1.00  0.00  0.00  0.00  0.00  0.00  0.00  0.00  0.00
  GM-929_119              1.00   1.00  0.00  0.00  0.00  0.00  0.00  0.00  0.00  0.00
  GM-929_12               1.00   1.00  0.00  0.00  0.00  0.00  0.00  0.00  0.00  0.00
  GM-929_120              1.00   1.00  0.00  0.00  0.00  0.00  0.00  0.00  0.00  0.00
  GM-929_121              1.00   1.00  0.00  0.00  0.00  0.00  0.00  0.00  0.00  0.00
  GM-929_122              1.00   1.00  0.00  0.00  0.00  0.00  0.00  0.00  0.00  0.00
  GM-929_123              1.00   1.00  0.00  0.00  0.00  0.00  0.00  0.00  0.00  0.00
  GM-929_124              1.00   1.00  0.00  0.00  0.00  0.00  0.00  0.00  0.00  0.00
  GM-929_125              1.00   1.00  0.00  0.00  0.00  0.00  0.00  0.00  0.00  0.00
  GM-929_126              1.00   1.00  0.00  0.00  0.00  0.00  0.00  0.00  0.00  0.00
  GM-929_128              1.00   1.00  0.00  0.00  0.00  0.00  0.00  0.00  0.00  0.00
  GM-929_13               1.00   1.00  0.00  0.00  0.00  0.00  0.00  0.00  0.00  0.00
  GM-929_130              1.00   1.00  0.00  0.00  0.00  0.00  0.00  0.00  0.00  0.00
  GM-929_131              1.00   1.00  0.00  0.00  0.00  0.00  0.00  0.00  0.00  0.00
  GM-929_132              1.00   1.00  0.00  0.00  0.00  0.00  0.00  0.00  0.00  0.00
  GM-929_133              1.00   1.00  0.00  0.00  0.00  0.00  0.00  0.00  0.00  0.00
  GM-929_134              1.00   1.00  0.00  0.00  0.00  0.00  0.00  0.00  0.00  0.00
  GM-929_135              1.00   1.00  0.00  0.00  0.00  0.00  0.00  0.00  0.00  0.00
  GM-929_136              1.00   1.00  0.00  0.00  0.00  0.00  0.00  0.00  0.00  0.00
  GM-929_137              1.00   1.00  0.00  0.00  0.00  0.00  0.00  0.00  0.00  0.00
  GM-929_138              1.00   1.00  0.00  0.00  0.00  0.00  0.00  0.00  0.00  0.00
  GM-929_14               1.00   1.00  0.00  0.00  0.00  0.00  0.00  0.00  0.00  0.00
  GM-929_140              1.00   1.00  0.00  0.00  0.00  0.00  0.00  0.00  0.00  0.00
  GM-929_142              1.00   1.00  0.00  0.00  0.00  0.00  0.00  0.00  0.00  0.00
  GM-929_143              1.00   1.00  0.00  0.00  0.00  0.00  0.00  0.00  0.00  0.00
  GM-929_144              1.00   1.00  0.00  0.00  0.00  0.00  0.00  0.00  0.00  0.00
  GM-929_145              1.00   1.00  0.00  0.00  0.00  0.00  0.00  0.00  0.00  0.00
  GM-929_146              1.00   1.00  0.00  0.00  0.00  0.00  0.00  0.00  0.00  0.00
  GM-929_147              1.00   1.00  0.00  0.00  0.00  0.00  0.00  0.00  0.00  0.00
  GM-929_148              1.00   1.00  0.00  0.00  0.00  0.00  0.00  0.00  0.00  0.00
  GM-929_149              1.00   1.00  0.00  0.00  0.00  0.00  0.00  0.00  0.00  0.00
  GM-929_15               1.00   1.00  0.00  0.00  0.00  0.00  0.00  0.00  0.00  0.00
  GM-929_150              1.00   1.00  0.00  0.00  0.00  0.00  0.00  0.00  0.00  0.00
  GM-929_151              1.00   1.00  0.00  0.00  0.00  0.00  0.00  0.00  0.00  0.00
  GM-929_152              1.00   1.00  0.00  0.00  0.00  0.00  0.00  0.00  0.00  0.00
  GM-929_153              1.00   1.00  0.00  0.00  0.00  0.00  0.00  0.00  0.00  0.00
  GM-929_154              1.00   1.00  0.00  0.00  0.00  0.00  0.00  0.00  0.00  0.00
  GM-929_155              1.00   1.00  0.00  0.00  0.00  0.00  0.00  0.00  0.00  0.00
  GM-929_158              1.00   1.00  0.00  0.00  0.00  0.00  0.00  0.00  0.00  0.00
  GM-929_16               1.00   1.00  0.00  0.00  0.00  0.00  0.00  0.00  0.00  0.00
  GM-929_161              1.00   1.00  0.00  0.00  0.00  0.00  0.00  0.00  0.00  0.00
  GM-929_162              1.00   1.00  0.00  0.00  0.00  0.00  0.00  0.00  0.00  0.00
  GM-929_164              1.00   1.00  0.00  0.00  0.00  0.00  0.00  0.00  0.00  0.00
  GM-929_165              1.00   1.00  0.00  0.00  0.00  0.00  0.00  0.00  0.00  0.00
  GM-929_166              1.00   1.00  0.00  0.00  0.00  0.00  0.00  0.00  0.00  0.00
  GM-929_167              1.00   1.00  0.00  0.00  0.00  0.00  0.00  0.00  0.00  0.00
  GM-929_168              1.00   1.00  0.00  0.00  0.00  0.00  0.00  0.00  0.00  0.00
  GM-929_169              4.08   1.00  0.00  0.00  0.00  0.00  0.00  0.00  0.00  0.00
  GM-929_17               1.00   1.00  0.00  0.00  0.00  0.00  0.00  0.00  0.00  0.00
  GM-929_171              1.00   1.00  0.00  0.00  0.00  0.00  0.00  0.00  0.00  0.00
  GM-929_174              1.00   1.00  0.00  0.00  0.00  0.00  0.00  0.00  0.00  0.00
  GM-929_175              1.00   1.00  0.00  0.00  0.00  0.00  0.00  0.00  0.00  0.00
  GM-929_176              1.00   1.00  0.00  0.00  0.00  0.00  0.00  0.00  0.00  0.00
  GM-929_177              1.00   1.00  0.00  0.00  0.00  0.00  0.00  0.00  0.00  0.00
  GM-929_18               1.00   1.00  0.00  0.00  0.00  0.00  0.00  0.00  0.00  0.00
  GM-929_180              1.00   1.00  0.00  0.00  0.00  0.00  0.00  0.00  0.00  0.00
  GM-929_181              1.00   1.00  0.00  0.00  0.00  0.00  0.00  0.00  0.00  0.00
  GM-929_182              1.00   1.00  0.00  0.00  0.00  0.00  0.00  0.00  0.00  0.00
  GM-929_184              1.00   1.00  0.00  0.00  0.00  0.00  0.00  0.00  0.00  0.00
  GM-929_188              1.04   1.00  0.00  0.00  0.00  0.00  0.00  0.00  0.00  0.00
  GM-929_19               1.00   1.00  0.00  0.00  0.00  0.00  0.00  0.00  0.00  0.00
  GM-929_190              1.00   1.00  0.00  0.00  0.00  0.00  0.00  0.00  0.00  0.00
  GM-929_196              1.00   1.00  0.00  0.00  0.00  0.00  0.00  0.00  0.00  0.00
  GM-929_198              3.30   1.00  0.00  0.00  0.00  0.00  0.00  0.00  0.00  0.00
  GM-929_199              5.49   1.00  0.00  0.00  0.00  0.00  0.00  0.00  0.00  0.00
  GM-929_2                1.00   1.00  0.00  0.00  0.00  0.00  0.00  0.00  0.00  0.00
  GM-929_20               1.00   1.00  0.00  0.00  0.00  0.00  0.00  0.00  0.00  0.00
  GM-929_201              1.00   1.00  0.00  0.00  0.00  0.00  0.00  0.00  0.00  0.00
  GM-929_204              1.00   1.00  0.00  0.00  0.00  0.00  0.00  0.00  0.00  0.00
  GM-929_205              1.00   1.00  0.00  0.00  0.00  0.00  0.00  0.00  0.00  0.00
  GM-929_206              1.00   1.00  0.00  0.00  0.00  0.00  0.00  0.00  0.00  0.00
  GM-929_207              1.00   1.00  0.00  0.00  0.00  0.00  0.00  0.00  0.00  0.00
  GM-929_209              1.00   1.00  0.00  0.00  0.00  0.00  0.00  0.00  0.00  0.00
  GM-929_21               1.00   1.00  0.00  0.00  0.00  0.00  0.00  0.00  0.00  0.00
  GM-929_211              1.00   1.00  0.00  0.00  0.00  0.00  0.00  0.00  0.00  0.00
  GM-929_212              1.00   1.00  0.00  0.00  0.00  0.00  0.00  0.00  0.00  0.00
  GM-929_213              1.00   1.00  0.00  0.00  0.00  0.00  0.00  0.00  0.00  0.00
  GM-929_214              1.00   1.00  0.00  0.00  0.00  0.00  0.00  0.00  0.00  0.00
  GM-929_217              1.00   1.00  0.00  0.00  0.00  0.00  0.00  0.00  0.00  0.00
  GM-929_218              1.00   1.00  0.00  0.00  0.00  0.00  0.00  0.00  0.00  0.00
  GM-929_22               3.01   1.00  0.00  0.00  0.00  0.00  0.00  0.00  0.00  0.00
  GM-929_221              1.00   1.00  0.00  0.00  0.00  0.00  0.00  0.00  0.00  0.00
  GM-929_223              1.00   1.00  0.00  0.00  0.00  0.00  0.00  0.00  0.00  0.00
  GM-929_224              1.00   1.00  0.00  0.00  0.00  0.00  0.00  0.00  0.00  0.00
  GM-929_226              1.00   1.00  0.00  0.00  0.00  0.00  0.00  0.00  0.00  0.00
  GM-929_227              1.00   1.00  0.00  0.00  0.00  0.00  0.00  0.00  0.00  0.00
  GM-929_23               1.00   1.00  0.00  0.00  0.00  0.00  0.00  0.00  0.00  0.00
  GM-929_230              1.00   1.00  0.00  0.00  0.00  0.00  0.00  0.00  0.00  0.00
  GM-929_239              1.00   1.00  0.00  0.00  0.00  0.00  0.00  0.00  0.00  0.00
  GM-929_24               1.21   1.00  0.00  0.00  0.00  0.00  0.00  0.00  0.00  0.00
  GM-929_240              1.00   1.00  0.00  0.00  0.00  0.00  0.00  0.00  0.00  0.00
  GM-929_25               1.00   1.00  0.00  0.00  0.00  0.00  0.00  0.00  0.00  0.00
  GM-929_26               1.00   1.00  0.00  0.00  0.00  0.00  0.00  0.00  0.00  0.00
  GM-929_27               1.00   1.00  0.00  0.00  0.00  0.00  0.00  0.00  0.00  0.00
  GM-929_28               1.00   1.00  0.00  0.00  0.00  0.00  0.00  0.00  0.00  0.00
  GM-929_29               1.00   1.00  0.00  0.00  0.00  0.00  0.00  0.00  0.00  0.00
  GM-929_3                1.00   1.00  0.00  0.00  0.00  0.00  0.00  0.00  0.00  0.00
  GM-929_30               1.00   1.00  0.00  0.00  0.00  0.00  0.00  0.00  0.00  0.00
  GM-929_32               1.00   1.00  0.00  0.00  0.00  0.00  0.00  0.00  0.00  0.00
  GM-929_33               1.00   1.00  0.00  0.00  0.00  0.00  0.00  0.00  0.00  0.00
  GM-929_34               1.00   1.00  0.00  0.00  0.00  0.00  0.00  0.00  0.00  0.00
  GM-929_35               1.00   1.00  0.00  0.00  0.00  0.00  0.00  0.00  0.00  0.00
  GM-929_36               1.00   1.00  0.00  0.00  0.00  0.00  0.00  0.00  0.00  0.00
  GM-929_37               1.00   1.00  0.00  0.00  0.00  0.00  0.00  0.00  0.00  0.00
  GM-929_38               1.00   1.00  0.00  0.00  0.00  0.00  0.00  0.00  0.00  0.00
  GM-929_39               1.00   1.00  0.00  0.00  0.00  0.00  0.00  0.00  0.00  0.00
  GM-929_4                1.00   1.00  0.00  0.00  0.00  0.00  0.00  0.00  0.00  0.00
  GM-929_40               1.00   1.00  0.00  0.00  0.00  0.00  0.00  0.00  0.00  0.00
  GM-929_44               1.00   1.00  0.00  0.00  0.00  0.00  0.00  0.00  0.00  0.00
  GM-929_46               1.00   1.00  0.00  0.00  0.00  0.00  0.00  0.00  0.00  0.00
  GM-929_47               1.00   1.00  0.00  0.00  0.00  0.00  0.00  0.00  0.00  0.00
  GM-929_48               1.19   1.00  0.00  0.00  0.00  0.00  0.00  0.00  0.00  0.00
  GM-929_49               1.00   1.00  0.00  0.00  0.00  0.00  0.00  0.00  0.00  0.00
  GM-929_5                1.00   1.00  0.00  0.00  0.00  0.00  0.00  0.00  0.00  0.00
  GM-929_50               1.00   1.00  0.00  0.00  0.00  0.00  0.00  0.00  0.00  0.00
  GM-929_51               1.00   1.00  0.00  0.00  0.00  0.00  0.00  0.00  0.00  0.00
  GM-929_52               1.00   1.00  0.00  0.00  0.00  0.00  0.00  0.00  0.00  0.00
  GM-929_53               1.00   1.00  0.00  0.00  0.00  0.00  0.00  0.00  0.00  0.00
  GM-929_54               1.00   1.00  0.00  0.00  0.00  0.00  0.00  0.00  0.00  0.00
  GM-929_56               1.00   1.00  0.00  0.00  0.00  0.00  0.00  0.00  0.00  0.00
  GM-929_57               1.00   1.00  0.00  0.00  0.00  0.00  0.00  0.00  0.00  0.00
  GM-929_58               1.00   1.00  0.00  0.00  0.00  0.00  0.00  0.00  0.00  0.00
  GM-929_59               1.00   1.00  0.00  0.00  0.00  0.00  0.00  0.00  0.00  0.00
  GM-929_6               12.54   1.00  0.00  0.00  0.00  0.00  0.00  0.00  0.00  0.00
  GM-929_63               1.00   1.00  0.00  0.00  0.00  0.00  0.00  0.00  0.00  0.00
  GM-929_64               1.00   1.00  0.00  0.00  0.00  0.00  0.00  0.00  0.00  0.00
  GM-929_65               1.00   1.00  0.00  0.00  0.00  0.00  0.00  0.00  0.00  0.00
  GM-929_66               1.00   1.00  0.00  0.00  0.00  0.00  0.00  0.00  0.00  0.00
  GM-929_67               1.00   1.00  0.00  0.00  0.00  0.00  0.00  0.00  0.00  0.00
  GM-929_68               1.00   1.00  0.00  0.00  0.00  0.00  0.00  0.00  0.00  0.00
  GM-929_69               1.00   1.00  0.00  0.00  0.00  0.00  0.00  0.00  0.00  0.00
  GM-929_7                1.00   1.00  0.00  0.00  0.00  0.00  0.00  0.00  0.00  0.00
  GM-929_70               1.00   1.00  0.00  0.00  0.00  0.00  0.00  0.00  0.00  0.00
  GM-929_71               1.00   1.00  0.00  0.00  0.00  0.00  0.00  0.00  0.00  0.00
  GM-929_72               1.00   1.00  0.00  0.00  0.00  0.00  0.00  0.00  0.00  0.00
  GM-929_73               1.00   1.00  0.00  0.00  0.00  0.00  0.00  0.00  0.00  0.00
  GM-929_74               1.00   1.00  0.00  0.00  0.00  0.00  0.00  0.00  0.00  0.00
  GM-929_75               1.00   1.00  0.00  0.00  0.00  0.00  0.00  0.00  0.00  0.00
  GM-929_77               1.00   1.00  0.00  0.00  0.00  0.00  0.00  0.00  0.00  0.00
  GM-929_78               1.00   1.00  0.00  0.00  0.00  0.00  0.00  0.00  0.00  0.00
  GM-929_8                1.00   1.00  0.00  0.00  0.00  0.00  0.00  0.00  0.00  0.00
  GM-929_80               1.00   1.00  0.00  0.00  0.00  0.00  0.00  0.00  0.00  0.00
  GM-929_81               1.00   1.00  0.00  0.00  0.00  0.00  0.00  0.00  0.00  0.00
  GM-929_82               1.00   1.00  0.00  0.00  0.00  0.00  0.00  0.00  0.00  0.00
  GM-929_84               1.00   1.00  0.00  0.00  0.00  0.00  0.00  0.00  0.00  0.00
  GM-929_85               1.00   1.00  0.00  0.00  0.00  0.00  0.00  0.00  0.00  0.00
  GM-929_86               1.00   1.00  0.00  0.00  0.00  0.00  0.00  0.00  0.00  0.00
  GM-929_87               1.00   1.00  0.00  0.00  0.00  0.00  0.00  0.00  0.00  0.00
  GM-929_88               1.00   1.00  0.00  0.00  0.00  0.00  0.00  0.00  0.00  0.00
  GM-929_89               1.00   1.00  0.00  0.00  0.00  0.00  0.00  0.00  0.00  0.00
  GM-929_9                1.01   1.00  0.00  0.00  0.00  0.00  0.00  0.00  0.00  0.00
  GM-929_90               1.00   1.00  0.00  0.00  0.00  0.00  0.00  0.00  0.00  0.00
  GM-929_91               1.00   1.00  0.00  0.00  0.00  0.00  0.00  0.00  0.00  0.00
  GM-929_92               1.00   1.00  0.00  0.00  0.00  0.00  0.00  0.00  0.00  0.00
  GM-929_93               1.00   1.00  0.00  0.00  0.00  0.00  0.00  0.00  0.00  0.00
  GM-929_99               1.00   1.00  0.00  0.00  0.00  0.00  0.00  0.00  0.00  0.00
  GM-930_1                1.00   1.00  0.00  0.00  0.00  0.00  0.00  0.00  0.00  0.00
  GM-930_100              1.00   1.00  0.00  0.00  0.00  0.00  0.00  0.00  0.00  0.00
  GM-930_101              1.00   1.00  0.00  0.00  0.00  0.00  0.00  0.00  0.00  0.00
  GM-930_102              1.00   1.00  0.00  0.00  0.00  0.00  0.00  0.00  0.00  0.00
  GM-930_103              1.00   1.00  0.00  0.00  0.00  0.00  0.00  0.00  0.00  0.00
  GM-930_104              1.00   1.00  0.00  0.00  0.00  0.00  0.00  0.00  0.00  0.00
  GM-930_105              1.12   1.00  0.00  0.00  0.00  0.00  0.00  0.00  0.00  0.00
  GM-930_106              1.00   1.00  0.00  0.00  0.00  0.00  0.00  0.00  0.00  0.00
  GM-930_107              1.00   1.00  0.00  0.00  0.00  0.00  0.00  0.00  0.00  0.00
  GM-930_108              1.00   1.00  0.00  0.00  0.00  0.00  0.00  0.00  0.00  0.00
  GM-930_109              1.00   1.00  0.00  0.00  0.00  0.00  0.00  0.00  0.00  0.00
  GM-930_110              1.00   1.00  0.00  0.00  0.00  0.00  0.00  0.00  0.00  0.00
  GM-930_111              1.00   1.00  0.00  0.00  0.00  0.00  0.00  0.00  0.00  0.00
  GM-930_112              1.00   1.00  0.00  0.00  0.00  0.00  0.00  0.00  0.00  0.00
  GM-930_113              1.00   1.00  0.00  0.00  0.00  0.00  0.00  0.00  0.00  0.00
  GM-930_114              1.00   1.00  0.00  0.00  0.00  0.00  0.00  0.00  0.00  0.00
  GM-930_115              1.00   1.00  0.00  0.00  0.00  0.00  0.00  0.00  0.00  0.00
  GM-930_116              1.00   1.00  0.00  0.00  0.00  0.00  0.00  0.00  0.00  0.00
  GM-930_117              1.00   1.00  0.00  0.00  0.00  0.00  0.00  0.00  0.00  0.00
  GM-930_118              1.00   1.00  0.00  0.00  0.00  0.00  0.00  0.00  0.00  0.00
  GM-930_119              1.00   1.00  0.00  0.00  0.00  0.00  0.00  0.00  0.00  0.00
  GM-930_120              1.00   1.00  0.00  0.00  0.00  0.00  0.00  0.00  0.00  0.00
  GM-930_121              1.00   1.00  0.00  0.00  0.00  0.00  0.00  0.00  0.00  0.00
  GM-930_122              1.00   1.00  0.00  0.00  0.00  0.00  0.00  0.00  0.00  0.00
  GM-930_123              1.00   1.00  0.00  0.00  0.00  0.00  0.00  0.00  0.00  0.00
  GM-930_124              1.00   1.00  0.00  0.00  0.00  0.00  0.00  0.00  0.00  0.00
  GM-930_125              1.00   1.00  0.00  0.00  0.00  0.00  0.00  0.00  0.00  0.00
  GM-930_126              1.00   1.00  0.00  0.00  0.00  0.00  0.00  0.00  0.00  0.00
  GM-930_127              1.00   1.00  0.00  0.00  0.00  0.00  0.00  0.00  0.00  0.00
  GM-930_128              1.00   1.00  0.00  0.00  0.00  0.00  0.00  0.00  0.00  0.00
  GM-930_129              1.00   1.00  0.00  0.00  0.00  0.00  0.00  0.00  0.00  0.00
  GM-930_130              1.00   1.00  0.00  0.00  0.00  0.00  0.00  0.00  0.00  0.00
  GM-930_131              1.00   1.00  0.00  0.00  0.00  0.00  0.00  0.00  0.00  0.00
  GM-930_132              1.00   1.00  0.00  0.00  0.00  0.00  0.00  0.00  0.00  0.00
  GM-930_133              1.00   1.00  0.00  0.00  0.00  0.00  0.00  0.00  0.00  0.00
  GM-930_134              1.00   1.00  0.00  0.00  0.00  0.00  0.00  0.00  0.00  0.00
  GM-930_135              1.00   1.00  0.00  0.00  0.00  0.00  0.00  0.00  0.00  0.00
  GM-930_136              1.00   1.00  0.00  0.00  0.00  0.00  0.00  0.00  0.00  0.00
  GM-930_137              1.00   1.00  0.00  0.00  0.00  0.00  0.00  0.00  0.00  0.00
  GM-930_138              1.00   1.00  0.00  0.00  0.00  0.00  0.00  0.00  0.00  0.00
  GM-930_139              1.00   1.00  0.00  0.00  0.00  0.00  0.00  0.00  0.00  0.00
  GM-930_140              1.00   1.00  0.00  0.00  0.00  0.00  0.00  0.00  0.00  0.00
  GM-930_141              1.00   1.00  0.00  0.00  0.00  0.00  0.00  0.00  0.00  0.00
  GM-930_142              1.00   1.00  0.00  0.00  0.00  0.00  0.00  0.00  0.00  0.00
  GM-930_143              1.00   1.00  0.00  0.00  0.00  0.00  0.00  0.00  0.00  0.00
  GM-930_144              1.00   1.00  0.00  0.00  0.00  0.00  0.00  0.00  0.00  0.00
  GM-930_145              1.00   1.00  0.00  0.00  0.00  0.00  0.00  0.00  0.00  0.00
  GM-930_146              1.00   1.00  0.00  0.00  0.00  0.00  0.00  0.00  0.00  0.00
  GM-930_147              1.00   1.00  0.00  0.00  0.00  0.00  0.00  0.00  0.00  0.00
  GM-930_148              1.00   1.00  0.00  0.00  0.00  0.00  0.00  0.00  0.00  0.00
  GM-930_149              1.00   1.00  0.00  0.00  0.00  0.00  0.00  0.00  0.00  0.00
  GM-930_150              1.00   1.00  0.00  0.00  0.00  0.00  0.00  0.00  0.00  0.00
  GM-930_151              1.00   1.00  0.00  0.00  0.00  0.00  0.00  0.00  0.00  0.00
  GM-930_152              1.00   1.00  0.00  0.00  0.00  0.00  0.00  0.00  0.00  0.00
  GM-930_153              1.00   1.00  0.00  0.00  0.00  0.00  0.00  0.00  0.00  0.00
  GM-930_154              1.00   1.00  0.00  0.00  0.00  0.00  0.00  0.00  0.00  0.00
  GM-930_155              1.00   1.00  0.00  0.00  0.00  0.00  0.00  0.00  0.00  0.00
  GM-930_156              1.00   1.00  0.00  0.00  0.00  0.00  0.00  0.00  0.00  0.00
  GM-930_157              1.55   1.00  0.00  0.00  0.00  0.00  0.00  0.00  0.00  0.00
  GM-930_158              1.00   1.00  0.00  0.00  0.00  0.00  0.00  0.00  0.00  0.00
  GM-930_159              1.00   1.00  0.00  0.00  0.00  0.00  0.00  0.00  0.00  0.00
  GM-930_160              1.00   1.00  0.00  0.00  0.00  0.00  0.00  0.00  0.00  0.00
  GM-930_161              1.00   1.00  0.00  0.00  0.00  0.00  0.00  0.00  0.00  0.00
  GM-930_162              1.00   1.00  0.00  0.00  0.00  0.00  0.00  0.00  0.00  0.00
  GM-930_163              1.00   1.00  0.00  0.00  0.00  0.00  0.00  0.00  0.00  0.00
  GM-930_164              1.00   1.00  0.00  0.00  0.00  0.00  0.00  0.00  0.00  0.00
  GM-930_165              1.00   1.00  0.00  0.00  0.00  0.00  0.00  0.00  0.00  0.00
  GM-930_166              1.00   1.00  0.00  0.00  0.00  0.00  0.00  0.00  0.00  0.00
  GM-930_167              1.00   1.00  0.00  0.00  0.00  0.00  0.00  0.00  0.00  0.00
  GM-930_168              1.00   1.00  0.00  0.00  0.00  0.00  0.00  0.00  0.00  0.00
  GM-930_169              1.00   1.00  0.00  0.00  0.00  0.00  0.00  0.00  0.00  0.00
  GM-930_170              1.00   1.00  0.00  0.00  0.00  0.00  0.00  0.00  0.00  0.00
  GM-930_171              1.00   1.00  0.00  0.00  0.00  0.00  0.00  0.00  0.00  0.00
  GM-930_172              2.29   1.00  0.00  0.00  0.00  0.00  0.00  0.00  0.00  0.00
  GM-930_173              1.00   1.00  0.00  0.00  0.00  0.00  0.00  0.00  0.00  0.00
  GM-930_174              1.00   1.00  0.00  0.00  0.00  0.00  0.00  0.00  0.00  0.00
  GM-930_175              1.00   1.00  0.00  0.00  0.00  0.00  0.00  0.00  0.00  0.00
  GM-930_176              1.00   1.00  0.00  0.00  0.00  0.00  0.00  0.00  0.00  0.00
  GM-930_177              1.00   1.00  0.00  0.00  0.00  0.00  0.00  0.00  0.00  0.00
  GM-930_178              1.00   1.00  0.00  0.00  0.00  0.00  0.00  0.00  0.00  0.00
  GM-930_179              1.29   1.00  0.00  0.00  0.00  0.00  0.00  0.00  0.00  0.00
  GM-930_2                1.00   1.00  0.00  0.00  0.00  0.00  0.00  0.00  0.00  0.00
  GM-930_3                1.00   1.00  0.00  0.00  0.00  0.00  0.00  0.00  0.00  0.00
  GM-930_4                1.00   1.00  0.00  0.00  0.00  0.00  0.00  0.00  0.00  0.00
  GM-930_46              11.21   1.00  0.00  0.00  0.00  0.00  0.00  0.00  0.00  0.00
  GM-930_47               7.61   1.00  0.00  0.00  0.00  0.00  0.00  0.00  0.00  0.00
  GM-930_48               3.45   1.00  0.00  0.00  0.00  0.00  0.00  0.00  0.00  0.00
  GM-930_5                1.00   1.00  0.00  0.00  0.00  0.00  0.00  0.00  0.00  0.00
  GM-930_6                1.00   1.00  0.00  0.00  0.00  0.00  0.00  0.00  0.00  0.00
  GM-930_96               1.00   1.00  0.00  0.00  0.00  0.00  0.00  0.00  0.00  0.00
  GM-930_97               2.67   1.00  0.00  0.00  0.00  0.00  0.00  0.00  0.00  0.00
  GM-930_98               1.00   1.00  0.00  0.00  0.00  0.00  0.00  0.00  0.00  0.00
  GM-930_99               2.37   1.00  0.00  0.00  0.00  0.00  0.00  0.00  0.00  0.00
  PX-9609                 1.00   1.00  0.00  0.00  0.00  0.00  0.00  0.00  0.00  0.00
  WW-147_BC_CON          69.59   1.00  0.00  0.00  0.00  0.00  0.00  0.00  0.00  0.00
  WW-232_COND            21.74   1.00  0.00  0.00  0.00  0.00  0.00  0.00  0.00  0.00
  
  
  *************************
  Conduit Surcharge Summary
  *************************
  
  ----------------------------------------------------------------------------
                                                           Hours        Hours 
                         --------- Hours Full --------   Above Full   Capacity
  Conduit                Both Ends  Upstream  Dnstream   Normal Flow   Limited
  ----------------------------------------------------------------------------
  FM-824_1                    0.01      0.01      0.01      0.02         0.01
  FM-824_21                   0.01      0.01      0.01      0.03         0.01
  FM-824_22                   0.01      0.01      0.01      0.24         0.01
  FM-824_8                    0.01      0.01      0.01      0.01         0.01
  FM-825_10                   0.01      0.01      0.01      0.08         0.01
  FM-825_6                    0.01      0.01      0.01      0.25         0.01
  FM-825_7                    0.01      0.01      0.01      0.03         0.01
  FM-929_43                   0.01      0.01      0.01      0.03         0.01
  FM-LS1002                   0.01      0.01      0.01      0.01         0.01
  FM-LS1003                   0.01      0.01      0.01      0.01         0.01
  FM-LS147                    0.01      0.01      0.01      0.02         0.01
  FM-LS224                    0.01      0.01      0.01      0.02         0.01
  FM-LS226                    0.01      0.01      0.01      0.01         0.01
  FM-LS229                    0.01      0.01      0.01      0.04         0.01
  FM-LS232                    0.01      0.01      0.01      0.04         0.02
  FM-LS246                    0.01      0.01      0.01      0.03         0.02
  FM-LS250                    0.01      0.01      0.01      0.02         0.01
  GM-825_3                    0.01      0.01      0.01      0.05         0.01
  GM-825_4                    0.01      0.01      0.01      0.04         0.01
  GM-825_5                    0.01      0.01      0.01      0.01         0.01
  GM-929_199                  0.01      0.01      0.01      0.01         0.01
  
  
  ***************
  Pumping Summary
  ***************
  
  ---------------------------------------------------------------------------------------------------------
                                                  Min       Avg       Max     Total     Power    % Time Off
                        Percent   Number of      Flow      Flow      Flow    Volume     Usage    Pump Curve
  Pump                 Utilized   Start-Ups       GPM       GPM       GPM  10^6 gal     Kw-hr    Low   High
  ---------------------------------------------------------------------------------------------------------
  PMP1-1002              100.00           1      0.00     23.97     25.19     0.000      0.01    0.0    0.0
  PMP1-1003              100.00           1      0.00     17.05     24.31     0.000      0.05    0.0    0.0
  PMP1-147                 4.31           3      0.00    679.85   1008.46     0.000      0.03    0.0    0.0
  PMP1-220                 0.00           0      0.00      0.00      0.00     0.000      0.00    0.0    0.0
  PMP1-221                 0.00           0      0.00      0.00      0.00     0.000      0.00    0.0    0.0
  PMP1-222                 0.00           0      0.00      0.00      0.00     0.000      0.00    0.0    0.0
  PMP1-223                 0.00           0      0.00      0.00      0.00     0.000      0.00    0.0    0.0
  PMP1-224                 7.19           1      0.00    236.97    258.79     0.000      0.01    0.0    0.0
  PMP1-225                 0.00           0      0.00      0.00      0.00     0.000      0.00    0.0    0.0
  PMP1-226                 3.66           2      0.00   3194.33   3800.48     0.002      0.25    0.0    0.0
  PMP1-227                 0.00           0      0.00      0.00      0.00     0.000      0.00    0.0    0.0
  PMP1-228                 0.00           0      0.00      0.00      0.00     0.000      0.00    0.0    0.0
  PMP1-229                11.68           2      0.00    247.07   1302.23     0.000      0.05    0.0    0.0
  PMP1-230                 0.00           0      0.00      0.00      0.00     0.000      0.00    0.0    0.0
  PMP1-231                 0.00           0      0.00      0.00      0.00     0.000      0.00    0.0    0.0
  PMP1-232                 5.31           1      0.00    420.05   1035.94     0.000      0.03    0.0    0.0
  PMP1-242                 0.00           0      0.00      0.00      0.00     0.000      0.00    0.0    0.0
  PMP1-243                 0.00           0      0.00      0.00      0.00     0.000      0.00    0.0    0.0
  PMP1-246                 9.25           1      0.00    314.87    985.26     0.000      0.05    0.0    0.0
  PMP1-247                 0.00           0      0.00      0.00      0.00     0.000      0.00    0.0    0.0
  PMP1-250                 6.80           2      0.00    144.43    294.51     0.000      0.01    0.0    0.0
  PMP1-251                 0.00           0      0.00      0.00      0.00     0.000      0.00    0.0    0.0
  PMP1-258                65.24           1      0.00     14.80     15.40     0.000      0.00    0.0    0.0
  PMP2-1002              100.00           1      0.00     23.97     25.19     0.000      0.01    0.0    0.0
  PMP2-1003              100.00           1      0.00     17.05     24.31     0.000      0.05    0.0    0.0
  PMP2-147                 4.31           3      0.00    679.85   1008.46     0.000      0.03    0.0    0.0
  PMP2-220                 0.00           0      0.00      0.00      0.00     0.000      0.00    0.0    0.0
  PMP2-221                 0.00           0      0.00      0.00      0.00     0.000      0.00    0.0    0.0
  PMP2-222                 0.00           0      0.00      0.00      0.00     0.000      0.00    0.0    0.0
  PMP2-223                 0.00           0      0.00      0.00      0.00     0.000      0.00    0.0    0.0
  PMP2-224                 7.19           1      0.00    236.97    258.79     0.000      0.01    0.0    0.0
  PMP2-225                 0.00           0      0.00      0.00      0.00     0.000      0.00    0.0    0.0
  PMP2-226                 3.66           2      0.00   3194.33   3800.48     0.002      0.25    0.0    0.0
  PMP2-227                 0.00           0      0.00      0.00      0.00     0.000      0.00    0.0    0.0
  PMP2-228                 0.00           0      0.00      0.00      0.00     0.000      0.00    0.0    0.0
  PMP2-229                11.68           2      0.00    247.07   1302.23     0.000      0.05    0.0    0.0
  PMP2-230                 0.00           0      0.00      0.00      0.00     0.000      0.00    0.0    0.0
  PMP2-231                 0.00           0      0.00      0.00      0.00     0.000      0.00    0.0    0.0
  PMP2-232                 5.31           1      0.00    420.05   1035.94     0.000      0.03    0.0    0.0
  PMP2-242                 0.00           0      0.00      0.00      0.00     0.000      0.00    0.0    0.0
  PMP2-243                 0.00           0      0.00      0.00      0.00     0.000      0.00    0.0    0.0
  PMP2-246                 9.25           1      0.00    314.87    985.26     0.000      0.05    0.0    0.0
  PMP2-247                 0.00           0      0.00      0.00      0.00     0.000      0.00    0.0    0.0
  PMP2-250                 6.80           2      0.00    144.43    294.51     0.000      0.01    0.0    0.0
  PMP2-251                 0.00           0      0.00      0.00      0.00     0.000      0.00    0.0    0.0
  PMP2-258                65.24           1      0.00     14.80     15.40     0.000      0.00    0.0    0.0
  

  Analysis begun on:  Sat Nov  1 16:26:48 2025
  Analysis ended on:  Sat Nov  1 16:26:51 2025
  Total elapsed time: 00:00:03